Workbook

Sheet Unit EDL
A1: GCE UNIT EDL
A3: TAMCN | B3: Description | C3: Qty
A4: A0254 | B4: COC V3 | C4: 1
A5: A0255 | B5: COC V4 | C5: 5
A6: B0018 | B6: GEN/AC Trailer | C6: 1
A7: B0035 | B7: MRAP CAT III | C7: 3
A8: B0040 | B8: Tractor with bucket | C8: 4
A9: B0060 | B9: Medium Crawler Tractor | C9: 4
A10: B0063 | B10: TRAM | C10: 7
A11: B0093 | B11: HUSKY | C11: 6
A12: B0160 | B12: ABV | C12: 7
A13: B0589 | B13: M9 ACE | C13: 8
A14: B0640 | B14: Floodlight Set | C14: 6
A15: B0730 | B15: 3KW Generator | C15: 49
... A98: E1888 | B98: M1A1 | C98: 58

Sheet Loads + CPFs by TAMCN
A1: COMBAT PLANNING FACTORS TABLE
A2: TAMCN SEQUENCE
A3: POM-16
A5: WEAPON | C5: AMMUNITION | E5: GCE RATES | H5: NON-GCE RATES
A6: TAMCN | B6: NOMENCLATURE | C6: DODIC | D6: NOMENCLATURE | E6: DAILY ASSAULT | F6: DAILY SUSTAIN | G6: COMBAT LOAD | H6: DAILY ASSAULT | I6: DAILY SUSTAIN | J6: COMBAT LOAD | K6: GCE TE Qty | L6: GCE Daily Assault Rate | M6: GCE Daily Sustain Rate | O6: Assault Rate Combat Load Ratio in Days | P6: Sustain Rate Combat Load Ratio in Days
A8: B0160 | B8: Assault Breacher Vehicle | C8: A518 | D8: Cartridge, Caliber .50 4 SLAP M903/1 SLAP-T M962 Linked | E8: 0 | F8: 0 | G8: 200 | K8: =IF(ISNA(VLOOKUP($A8,'Unit EDL'!$A:$C,3,FALSE)),0,VLOOKUP($A8,'Unit EDL'!$A:$C,3,FALSE)) -> 7 | L8: =K8*E8 -> 0 | M8: =K8*F8 -> 0 | O8: =IF($K8=0,0,IF(E8=0,999,$G8/E8)) -> 999 | P8: =IF($K8=0,0,IF(F8=0,999,$G8/F8)) -> 999
A9: B0160 | C9: A576 | D9: Cartridge, Caliber .50 4 API M8/1 API-T M20 Linked | E9: 0.918 | F9: 0.779 | G9: 600 | H9: 0 | I9: 0 | J9: 600 | K9: =IF(ISNA(VLOOKUP($A9,'Unit EDL'!$A:$C,3,FALSE)),0,VLOOKUP($A9,'Unit EDL'!$A:$C,3,FALSE)) -> 7 | L9: =K9*E9 -> 6.426 | M9: =K9*F9 -> 5.453 | O9: =IF($K9=0,0,IF(E9=0,999,$G9/E9)) -> 653.59477 | P9: =IF($K9=0,0,IF(F9=0,999,$G9/F9)) -> 770.21823
A10: B0160 | C10: GG24 | D10: Grenade, Launcher Smoke Infrared Screening | E10: 2.835 | F10: 2.835 | G10: 24 | H10: 0 | I10: 0 | J10: 24 | K10: =IF(ISNA(VLOOKUP($A10,'Unit EDL'!$A:$C,3,FALSE)),0,VLOOKUP($A10,'Unit EDL'!$A:$C,3,FALSE)) -> 7 | L10: =K10*E10 -> 19.845 | M10: =K10*F10 -> 19.845 | O10: =IF($K10=0,0,IF(E10=0,999,$G10/E10)) -> 8.4656085 | P10: =IF($K10=0,0,IF(F10=0,999,$G10/F10)) -> 8.4656085
A11: B0160 | C11: J143 | D11: Rocket Motor, 5-inch MK22 Mod 4 | E11: 0.886 | F11: 0.804 | G11: 2 | H11: 0 | I11: 0 | J11: 2 | K11: =IF(ISNA(VLOOKUP($A11,'Unit EDL'!$A:$C,3,FALSE)),0,VLOOKUP($A11,'Unit EDL'!$A:$C,3,FALSE)) -> 7 | L11: =K11*E11 -> 6.202 | M11: =K11*F11 -> 5.628 | O11: =IF($K11=0,0,IF(E11=0,999,$G11/E11)) -> 2.2573363 | P11: =IF($K11=0,0,IF(F11=0,999,$G11/F11)) -> 2.4875622
A12: B0160 | C12: M913 | D12: Charge, Demolition High Explosive Linear M58A4 | E12: 0.886 | F12: 0.804 | G12: 2 | H12: 0 | I12: 0 | J12: 2 | K12: =IF(ISNA(VLOOKUP($A12,'Unit EDL'!$A:$C,3,FALSE)),0,VLOOKUP($A12,'Unit EDL'!$A:$C,3,FALSE)) -> 7 | L12: =K12*E12 -> 6.202 | M12: =K12*F12 -> 5.628 | O12: =IF($K12=0,0,IF(E12=0,999,$G12/E12)) -> 2.2573363 | P12: =IF($K12=0,0,IF(F12=0,999,$G12/F12)) -> 2.4875622
K13: =IF(ISNA(VLOOKUP($A13,'Unit EDL'!$A:$C,3,FALSE)),0,VLOOKUP($A13,'Unit EDL'!$A:$C,3,FALSE)) -> 0 | L13: =K13*E13 -> 0 | M13: =K13*F13 -> 0 | O13: =IF($K13=0,0,IF(E13=0,999,$G13/E13)) -> 0 | P13: =IF($K13=0,0,IF(F13=0,999,$G13/F13)) -> 0
A14: B0471 | B14: Demolition Equipment, Squad | C14: G900 | D14: Grenade, Hand Incendiary Thermite AN-M14 | E14: 0 | F14: 0 | G14: 6 | H14: 1.546 | I14: 0.317 | J14: 6 | K14: =IF(ISNA(VLOOKUP($A14,'Unit EDL'!$A:$C,3,FALSE)),0,VLOOKUP($A14,'Unit EDL'!$A:$C,3,FALSE)) -> 0 | L14: =K14*E14 -> 0 | M14: =K14*F14 -> 0 | O14: =IF($K14=0,0,IF(E14=0,999,$G14/E14)) -> 0 | P14: =IF($K14=0,0,IF(F14=0,999,$G14/F14)) -> 0
A15: B0471 | C15: M032 | D15: Charge, Demolition Block TNT 1-Pound | E15: 3.299 | F15: 3.299 | G15: 48 | H15: 19.008 | I15: 3.299 | J15: 48 | K15: =IF(ISNA(VLOOKUP($A15,'Unit EDL'!$A:$C,3,FALSE)),0,VLOOKUP($A15,'Unit EDL'!$A:$C,3,FALSE)) -> 0 | L15: =K15*E15 -> 0 | M15: =K15*F15 -> 0 | O15: =IF($K15=0,0,IF(E15=0,999,$G15/E15)) -> 0 | P15: =IF($K15=0,0,IF(F15=0,999,$G15/F15)) -> 0
A16: B0471 | C16: M039 | D16: Charge, Demolition Cratering 40-Pound | H16: 1.649 | I16: 0.114 | J16: 0 | K16: =IF(ISNA(VLOOKUP($A16,'Unit EDL'!$A:$C,3,FALSE)),0,VLOOKUP($A16,'Unit EDL'!$A:$C,3,FALSE)) -> 0 | L16: =K16*E16 -> 0 | M16: =K16*F16 -> 0 | O16: =IF($K16=0,0,IF(E16=0,999,$G16/E16)) -> 0 | P16: =IF($K16=0,0,IF(F16=0,999,$G16/F16)) -> 0
A17: B0471 | C17: M130 | D17: Cap, Blasting Electric M6 | E17: 9.897 | F17: 9.897 | G17: 50 | H17: 19.381 | I17: 9.897 | J17: 100 | K17: =IF(ISNA(VLOOKUP($A17,'Unit EDL'!$A:$C,3,FALSE)),0,VLOOKUP($A17,'Unit EDL'!$A:$C,3,FALSE)) -> 0 | L17: =K17*E17 -> 0 | M17: =K17*F17 -> 0 | O17: =IF($K17=0,0,IF(E17=0,999,$G17/E17)) -> 0 | P17: =IF($K17=0,0,IF(F17=0,999,$G17/F17)) -> 0
A18: B0471 | C18: M131 | D18: Cap, Blasting Non-Electric M7 | E18: 23.097 | F18: 21.028 | G18: 100 | H18: 40.585 | I18: 18.979 | J18: 50 | K18: =IF(ISNA(VLOOKUP($A18,'Unit EDL'!$A:$C,3,FALSE)),0,VLOOKUP($A18,'Unit EDL'!$A:$C,3,FALSE)) -> 0 | L18: =K18*E18 -> 0 | M18: =K18*F18 -> 0 | O18: =IF($K18=0,0,IF(E18=0,999,$G18/E18)) -> 0 | P18: =IF($K18=0,0,IF(F18=0,999,$G18/F18)) -> 0
A19: B0471 | C19: M421 | D19: Charge, Demolition Shaped M3 Series 40-Pound | H19: 1.649 | I19: 0.114 | J19: 0 | K19: =IF(ISNA(VLOOKUP($A19,'Unit EDL'!$A:$C,3,FALSE)),0,VLOOKUP($A19,'Unit EDL'!$A:$C,3,FALSE)) -> 0 | L19: =K19*E19 -> 0 | M19: =K19*F19 -> 0 | O19: =IF($K19=0,0,IF(E19=0,999,$G19/E19)) -> 0 | P19: =IF($K19=0,0,IF(F19=0,999,$G19/F19)) -> 0
A20: B0471 | C20: M456 | D20: Cord, Detonating PETN Type I Class E | E20: 68.732 | F20: 68.732 | G20: 3000 | H20: 319.818 | I20: 68.732 | J20: 1500 | K20: =IF(ISNA(VLOOKUP($A20,'Unit EDL'!$A:$C,3,FALSE)),0,VLOOKUP($A20,'Unit EDL'!$A:$C,3,FALSE)) -> 0 | L20: =K20*E20 -> 0 | M20: =K20*F20 -> 0 | O20: =IF($K20=0,0,IF(E20=0,999,$G20/E20)) -> 0 | P20: =IF($K20=0,0,IF(F20=0,999,$G20/F20)) -> 0
A21: B0471 | C21: M670 | D21: Fuse, Blasting Time M700 | E21: 159.538 | F21: 118.152 | G21: 1000 | H21: 165.214 | I21: 77.186 | J21: 500 | K21: =IF(ISNA(VLOOKUP($A21,'Unit EDL'!$A:$C,3,FALSE)),0,VLOOKUP($A21,'Unit EDL'!$A:$C,3,FALSE)) -> 0 | L21: =K21*E21 -> 0 | M21: =K21*F21 -> 0 | O21: =IF($K21=0,0,IF(E21=0,999,$G21/E21)) -> 0 | P21: =IF($K21=0,0,IF(F21=0,999,$G21/F21)) -> 0
A22: B0471 | C22: M757 | D22: Charge, Assembly Demolition M183 Comp C-4 | E22: 8.351 | F22: 5.06 | G22: 10 | H22: 7.852 | I22: 1.339 | J22: 10 | K22: =IF(ISNA(VLOOKUP($A22,'Unit EDL'!$A:$C,3,FALSE)),0,VLOOKUP($A22,'Unit EDL'!$A:$C,3,FALSE)) -> 0 | L22: =K22*E22 -> 0 | M22: =K22*F22 -> 0 | O22: =IF($K22=0,0,IF(E22=0,999,$G22/E22)) -> 0 | P22: =IF($K22=0,0,IF(F22=0,999,$G22/F22)) -> 0
A23: B0471 | C23: MN08 | D23: Igniter, Time Blasting Fuse with Shock Tube Capability M81 | E23: 16.314 | F23: 13.682 | G23: 100 | H23: 35.053 | I23: 14.715 | J23: 100 | K23: =IF(ISNA(VLOOKUP($A23,'Unit EDL'!$A:$C,3,FALSE)),0,VLOOKUP($A23,'Unit EDL'!$A:$C,3,FALSE)) -> 0 | L23: =K23*E23 -> 0 | M23: =K23*F23 -> 0 | O23: =IF($K23=0,0,IF(E23=0,999,$G23/E23)) -> 0 | P23: =IF($K23=0,0,IF(F23=0,999,$G23/F23)) -> 0
A24: B0471 | C24: MN14 | D24: Firing Device, Dual Mode MK54 | E24: 0.001 | F24: 0.001 | G24: 1 | H24: 0.001 | I24: 0.001 | J24: 1 | K24: =IF(ISNA(VLOOKUP($A24,'Unit EDL'!$A:$C,3,FALSE)),0,VLOOKUP($A24,'Unit EDL'!$A:$C,3,FALSE)) -> 0 | L24: =K24*E24 -> 0 | M24: =K24*F24 -> 0 | O24: =IF($K24=0,0,IF(E24=0,999,$G24/E24)) -> 0 | P24: =IF($K24=0,0,IF(F24=0,999,$G24/F24)) -> 0
A25: B0471 | C25: MN52 | D25: Detonator, Percussion, Non-Electric MK154 Mod 0 | E25: 2.577 | F25: 2.577 | G25: 50 | H25: 2.577 | I25: 2.577 | J25: 50 | K25: =IF(ISNA(VLOOKUP($A25,'Unit EDL'!$A:$C,3,FALSE)),0,VLOOKUP($A25,'Unit EDL'!$A:$C,3,FALSE)) -> 0 | L25: =K25*E25 -> 0 | M25: =K25*F25 -> 0 | O25: =IF($K25=0,0,IF(E25=0,999,$G25/E25)) -> 0 | P25: =IF($K25=0,0,IF(F25=0,999,$G25/F25)) -> 0
A26: B0471 | C26: MN79 | D26: Mine, Antipersonnel Obstacle Breaching System MK7 Mod 1 | E26: 1.805 | F26: 1.482 | G26: 2 | K26: =IF(ISNA(VLOOKUP($A26,'Unit EDL'!$A:$C,3,FALSE)),0,VLOOKUP($A26,'Unit EDL'!$A:$C,3,FALSE)) -> 0 | L26: =K26*E26 -> 0 | M26: =K26*F26 -> 0 | O26: =IF($K26=0,0,IF(E26=0,999,$G26/E26)) -> 0 | P26: =IF($K26=0,0,IF(F26=0,999,$G26/F26)) -> 0
K27: =IF(ISNA(VLOOKUP($A27,'Unit EDL'!$A:$C,3,FALSE)),0,VLOOKUP($A27,'Unit EDL'!$A:$C,3,FALSE)) -> 0 | L27: =K27*E27 -> 0 | M27: =K27*F27 -> 0 | O27: =IF($K27=0,0,IF(E27=0,999,$G27/E27)) -> 0 | P27: =IF($K27=0,0,IF(F27=0,999,$G27/F27)) -> 0
A28: B0472 | B28: Demolition Equipment, Individual | C28: M032 | D28: Charge, Demolition Block TNT 1-Pound | E28: 3.299 | F28: 3.299 | G28: 5 | H28: 3.814 | I28: 3.299 | J28: 5 | K28: =IF(ISNA(VLOOKUP($A28,'Unit EDL'!$A:$C,3,FALSE)),0,VLOOKUP($A28,'Unit EDL'!$A:$C,3,FALSE)) -> 0 | L28: =K28*E28 -> 0 | M28: =K28*F28 -> 0 | O28: =IF($K28=0,0,IF(E28=0,999,$G28/E28)) -> 0 | P28: =IF($K28=0,0,IF(F28=0,999,$G28/F28)) -> 0
A29: B0472 | C29: M131 | D29: Cap, Blasting Non-Electric M7 | E29: 10 | F29: 10 | G29: 10 | H29: 10 | I29: 10 | J29: 10 | K29: =IF(ISNA(VLOOKUP($A29,'Unit EDL'!$A:$C,3,FALSE)),0,VLOOKUP($A29,'Unit EDL'!$A:$C,3,FALSE)) -> 0 | L29: =K29*E29 -> 0 | M29: =K29*F29 -> 0 | O29: =IF($K29=0,0,IF(E29=0,999,$G29/E29)) -> 0 | P29: =IF($K29=0,0,IF(F29=0,999,$G29/F29)) -> 0
A30: B0472 | C30: M456 | D30: Cord, Detonating PETN Type I Class E | E30: 68.732 | F30: 68.732 | G30: 100 | H30: 50 | I30: 50 | J30: 50 | K30: =IF(ISNA(VLOOKUP($A30,'Unit EDL'!$A:$C,3,FALSE)),0,VLOOKUP($A30,'Unit EDL'!$A:$C,3,FALSE)) -> 0 | L30: =K30*E30 -> 0 | M30: =K30*F30 -> 0 | O30: =IF($K30=0,0,IF(E30=0,999,$G30/E30)) -> 0 | P30: =IF($K30=0,0,IF(F30=0,999,$G30/F30)) -> 0
A31: B0472 | C31: M670 | D31: Fuse, Blasting Time M700 | E31: 31.169 | F31: 27.495 | G31: 50 | H31: 50 | I31: 31.577 | J31: 50 | K31: =IF(ISNA(VLOOKUP($A31,'Unit EDL'!$A:$C,3,FALSE)),0,VLOOKUP($A31,'Unit EDL'!$A:$C,3,FALSE)) -> 0 | L31: =K31*E31 -> 0 | M31: =K31*F31 -> 0 | O31: =IF($K31=0,0,IF(E31=0,999,$G31/E31)) -> 0 | P31: =IF($K31=0,0,IF(F31=0,999,$G31/F31)) -> 0
A32: B0472 | C32: M757 | D32: Charge, Assembly Demolition M183 Comp C-4 | E32: 0.247 | F32: 0.04 | G32: 2 | H32: 1.047 | I32: 0.305 | J32: 2 | K32: =IF(ISNA(VLOOKUP($A32,'Unit EDL'!$A:$C,3,FALSE)),0,VLOOKUP($A32,'Unit EDL'!$A:$C,3,FALSE)) -> 0 | L32: =K32*E32 -> 0 | M32: =K32*F32 -> 0 | O32: =IF($K32=0,0,IF(E32=0,999,$G32/E32)) -> 0 | P32: =IF($K32=0,0,IF(F32=0,999,$G32/F32)) -> 0
A33: B0472 | C33: MN08 | D33: Igniter, Time Blasting Fuse with Shock Tube Capability M81 | E33: 10.536 | F33: 10.354 | G33: 20 | H33: 20 | I33: 10.56 | J33: 20 | K33: =IF(ISNA(VLOOKUP($A33,'Unit EDL'!$A:$C,3,FALSE)),0,VLOOKUP($A33,'Unit EDL'!$A:$C,3,FALSE)) -> 0 | L33: =K33*E33 -> 0 | M33: =K33*F33 -> 0 | O33: =IF($K33=0,0,IF(E33=0,999,$G33/E33)) -> 0 | P33: =IF($K33=0,0,IF(F33=0,999,$G33/F33)) -> 0
A34: B0472 | C34: MN14 | D34: Firing Device, Dual Mode MK54 | E34: 0.001 | F34: 0.001 | G34: 1 | H34: 0.001 | I34: 0.001 | J34: 1 | K34: =IF(ISNA(VLOOKUP($A34,'Unit EDL'!$A:$C,3,FALSE)),0,VLOOKUP($A34,'Unit EDL'!$A:$C,3,FALSE)) -> 0 | L34: =K34*E34 -> 0 | M34: =K34*F34 -> 0 | O34: =IF($K34=0,0,IF(E34=0,999,$G34/E34)) -> 0 | P34: =IF($K34=0,0,IF(F34=0,999,$G34/F34)) -> 0
A35: B0472 | C35: MN52 | D35: Detonator, Percussion, Non-Electric MK154 Mod 0 | E35: 2.577 | F35: 2.577 | G35: 10 | H35: 2.577 | I35: 2.577 | J35: 10 | K35: =IF(ISNA(VLOOKUP($A35,'Unit EDL'!$A:$C,3,FALSE)),0,VLOOKUP($A35,'Unit EDL'!$A:$C,3,FALSE)) -> 0 | L35: =K35*E35 -> 0 | M35: =K35*F35 -> 0 | O35: =IF($K35=0,0,IF(E35=0,999,$G35/E35)) -> 0 | P35: =IF($K35=0,0,IF(F35=0,999,$G35/F35)) -> 0
K36: =IF(ISNA(VLOOKUP($A36,'Unit EDL'!$A:$C,3,FALSE)),0,VLOOKUP($A36,'Unit EDL'!$A:$C,3,FALSE)) -> 0 | L36: =K36*E36 -> 0 | M36: =K36*F36 -> 0 | O36: =IF($K36=0,0,IF(E36=0,999,$G36/E36)) -> 0 | P36: =IF($K36=0,0,IF(F36=0,999,$G36/F36)) -> 0
A37: B0589 | B37: Armored Combat Excavator (ACE) | C37: GG24 | D37: Grenade, Launcher Smoke Infrared Screening | E37: 2.835 | F37: 2.835 | G37: 16 | H37: 0 | I37: 0 | J37: 16 | K37: =IF(ISNA(VLOOKUP($A37,'Unit EDL'!$A:$C,3,FALSE)),0,VLOOKUP($A37,'Unit EDL'!$A:$C,3,FALSE)) -> 8 | L37: =K37*E37 -> 22.68 | M37: =K37*F37 -> 22.68 | O37: =IF($K37=0,0,IF(E37=0,999,$G37/E37)) -> 5.643739 | P37: =IF($K37=0,0,IF(F37=0,999,$G37/F37)) -> 5.643739
K38: =IF(ISNA(VLOOKUP($A38,'Unit EDL'!$A:$C,3,FALSE)),0,VLOOKUP($A38,'Unit EDL'!$A:$C,3,FALSE)) -> 0 | L38: =K38*E38 -> 0 | M38: =K38*F38 -> 0 | O38: =IF($K38=0,0,IF(E38=0,999,$G38/E38)) -> 0 | P38: =IF($K38=0,0,IF(F38=0,999,$G38/F38)) -> 0
A39: B1298 | B39: Line Charge Launcher Kit | C39: J143 | D39: Rocket Motor, 5-inch MK22 Mod 4 | E39: 0.968 | F39: 0.804 | G39: 2 | H39: 0.853 | I39: 0.058 | J39: 2 | K39: =IF(ISNA(VLOOKUP($A39,'Unit EDL'!$A:$C,3,FALSE)),0,VLOOKUP($A39,'Unit EDL'!$A:$C,3,FALSE)) -> 18 | L39: =K39*E39 -> 17.424 | M39: =K39*F39 -> 14.472 | O39: =IF($K39=0,0,IF(E39=0,999,$G39/E39)) -> 2.0661157 | P39: =IF($K39=0,0,IF(F39=0,999,$G39/F39)) -> 2.4875622
A40: B1298 | C40: M913 | D40: Charge, Demolition High Explosive Linear M58A4 | E40: 0.968 | F40: 0.804 | G40: 2 | H40: 0.853 | I40: 0.058 | J40: 2 | K40: =IF(ISNA(VLOOKUP($A40,'Unit EDL'!$A:$C,3,FALSE)),0,VLOOKUP($A40,'Unit EDL'!$A:$C,3,FALSE)) -> 18 | L40: =K40*E40 -> 17.424 | M40: =K40*F40 -> 14.472 | O40: =IF($K40=0,0,IF(E40=0,999,$G40/E40)) -> 2.0661157 | P40: =IF($K40=0,0,IF(F40=0,999,$G40/F40)) -> 2.4875622
K41: =IF(ISNA(VLOOKUP($A41,'Unit EDL'!$A:$C,3,FALSE)),0,VLOOKUP($A41,'Unit EDL'!$A:$C,3,FALSE)) -> 0 | L41: =K41*E41 -> 0 | M41: =K41*F41 -> 0 | O41: =IF($K41=0,0,IF(E41=0,999,$G41/E41)) -> 0 | P41: =IF($K41=0,0,IF(F41=0,999,$G41/F41)) -> 0
A42: B1315 | B42: Mine Clear Launcher | C42: J143 | D42: Rocket Motor, 5-inch MK22 Mod 4 | E42: 2.598 | F42: 0.098 | G42: 3 | H42: 0 | I42: 0 | J42: 3 | K42: =IF(ISNA(VLOOKUP($A42,'Unit EDL'!$A:$C,3,FALSE)),0,VLOOKUP($A42,'Unit EDL'!$A:$C,3,FALSE)) -> 0 | L42: =K42*E42 -> 0 | M42: =K42*F42 -> 0 | O42: =IF($K42=0,0,IF(E42=0,999,$G42/E42)) -> 0 | P42: =IF($K42=0,0,IF(F42=0,999,$G42/F42)) -> 0
A43: B1315 | C43: ML25 | D43: Charge, Demolition Linear M59A1 | E43: 2.598 | F43: 0.098 | G43: 3 | H43: 0 | I43: 0 | J43: 3 | K43: =IF(ISNA(VLOOKUP($A43,'Unit EDL'!$A:$C,3,FALSE)),0,VLOOKUP($A43,'Unit EDL'!$A:$C,3,FALSE)) -> 0 | L43: =K43*E43 -> 0 | M43: =K43*F43 -> 0 | O43: =IF($K43=0,0,IF(E43=0,999,$G43/E43)) -> 0 | P43: =IF($K43=0,0,IF(F43=0,999,$G43/F43)) -> 0
K44: =IF(ISNA(VLOOKUP($A44,'Unit EDL'!$A:$C,3,FALSE)),0,VLOOKUP($A44,'Unit EDL'!$A:$C,3,FALSE)) -> 0 | L44: =K44*E44 -> 0 | M44: =K44*F44 -> 0 | O44: =IF($K44=0,0,IF(E44=0,999,$G44/E44)) -> 0 | P44: =IF($K44=0,0,IF(F44=0,999,$G44/F44)) -> 0
A45: C4120 | B45: Capability Set, Weapons Non-Lethal Company-Sized | C45: A011 | D45: Cartridge, 12 Gauge #00 Buckshot M162 | E45: 32.693 | F45: 32.693 | G45: 852 | H45: 32.693 | I45: 32.693 | J45: 852 | K45: =IF(ISNA(VLOOKUP($A45,'Unit EDL'!$A:$C,3,FALSE)),0,VLOOKUP($A45,'Unit EDL'!$A:$C,3,FALSE)) -> 0 | L45: =K45*E45 -> 0 | M45: =K45*F45 -> 0 | O45: =IF($K45=0,0,IF(E45=0,999,$G45/E45)) -> 0 | P45: =IF($K45=0,0,IF(F45=0,999,$G45/F45)) -> 0
A46: C4120 | C46: AA30 | D46: Cartridge, 12 Gauge Launching Cup for Grenade Non-Lethal | E46: 2.021 | F46: 2.021 | G46: 60 | H46: 2.021 | I46: 2.021 | J46: 60 | K46: =IF(ISNA(VLOOKUP($A46,'Unit EDL'!$A:$C,3,FALSE)),0,VLOOKUP($A46,'Unit EDL'!$A:$C,3,FALSE)) -> 0 | L46: =K46*E46 -> 0 | M46: =K46*F46 -> 0 | O46: =IF($K46=0,0,IF(E46=0,999,$G46/E46)) -> 0 | P46: =IF($K46=0,0,IF(F46=0,999,$G46/F46)) -> 0
A47: C4120 | C47: AA51 | D47: Cartridge, 12 Gauge Point Control M1012 Non-Lethal | E47: 54.335 | F47: 54.335 | G47: 1416 | H47: 54.335 | I47: 54.335 | J47: 1416 | K47: =IF(ISNA(VLOOKUP($A47,'Unit EDL'!$A:$C,3,FALSE)),0,VLOOKUP($A47,'Unit EDL'!$A:$C,3,FALSE)) -> 0 | L47: =K47*E47 -> 0 | M47: =K47*F47 -> 0 | O47: =IF($K47=0,0,IF(E47=0,999,$G47/E47)) -> 0 | P47: =IF($K47=0,0,IF(F47=0,999,$G47/F47)) -> 0
A48: C4120 | C48: BA06 | D48: Cartridge, 40mm Foam Rubber M1006 Non-Lethal | E48: 13.814 | F48: 13.814 | G48: 360 | H48: 13.814 | I48: 13.814 | J48: 360 | K48: =IF(ISNA(VLOOKUP($A48,'Unit EDL'!$A:$C,3,FALSE)),0,VLOOKUP($A48,'Unit EDL'!$A:$C,3,FALSE)) -> 0 | L48: =K48*E48 -> 0 | M48: =K48*F48 -> 0 | O48: =IF($K48=0,0,IF(E48=0,999,$G48/E48)) -> 0 | P48: =IF($K48=0,0,IF(F48=0,999,$G48/F48)) -> 0
A49: C4120 | C49: GG04 | D49: Grenade, Rubber Ball Non-Lethal 9590 | E49: 6.124 | F49: 6.124 | G49: 180 | H49: 6.124 | I49: 6.124 | J49: 180 | K49: =IF(ISNA(VLOOKUP($A49,'Unit EDL'!$A:$C,3,FALSE)),0,VLOOKUP($A49,'Unit EDL'!$A:$C,3,FALSE)) -> 0 | L49: =K49*E49 -> 0 | M49: =K49*F49 -> 0 | O49: =IF($K49=0,0,IF(E49=0,999,$G49/E49)) -> 0 | P49: =IF($K49=0,0,IF(F49=0,999,$G49/F49)) -> 0
A50: C4120 | C50: GG20 | D50: Grenade, Hand Stun | E50: 6.124 | F50: 6.124 | G50: 180 | H50: 6.124 | I50: 6.124 | J50: 180 | K50: =IF(ISNA(VLOOKUP($A50,'Unit EDL'!$A:$C,3,FALSE)),0,VLOOKUP($A50,'Unit EDL'!$A:$C,3,FALSE)) -> 0 | L50: =K50*E50 -> 0 | M50: =K50*F50 -> 0 | O50: =IF($K50=0,0,IF(E50=0,999,$G50/E50)) -> 0 | P50: =IF($K50=0,0,IF(F50=0,999,$G50/F50)) -> 0
A51: C4120 | C51: MPMN | D51: Grenade, Non-Lethal Airburst Pyrotechnic | E51: 55.67 | F51: 55.67 | G51: 120 | H51: 55.67 | I51: 55.67 | J51: 120 | K51: =IF(ISNA(VLOOKUP($A51,'Unit EDL'!$A:$C,3,FALSE)),0,VLOOKUP($A51,'Unit EDL'!$A:$C,3,FALSE)) -> 0 | L51: =K51*E51 -> 0 | M51: =K51*F51 -> 0 | O51: =IF($K51=0,0,IF(E51=0,999,$G51/E51)) -> 0 | P51: =IF($K51=0,0,IF(F51=0,999,$G51/F51)) -> 0
K52: =IF(ISNA(VLOOKUP($A52,'Unit EDL'!$A:$C,3,FALSE)),0,VLOOKUP($A52,'Unit EDL'!$A:$C,3,FALSE)) -> 0 | L52: =K52*E52 -> 0 | M52: =K52*F52 -> 0 | O52: =IF($K52=0,0,IF(E52=0,999,$G52/E52)) -> 0 | P52: =IF($K52=0,0,IF(F52=0,999,$G52/F52)) -> 0
A53: C4122 | B53: Capability Set, Weapons Non-Lethal Platoon-Sized | C53: A011 | D53: Cartridge, 12 Gauge #00 Buckshot M162 | E53: 17.843 | F53: 17.843 | G53: 465 | H53: 17.843 | I53: 17.843 | J53: 465 | K53: =IF(ISNA(VLOOKUP($A53,'Unit EDL'!$A:$C,3,FALSE)),0,VLOOKUP($A53,'Unit EDL'!$A:$C,3,FALSE)) -> 0 | L53: =K53*E53 -> 0 | M53: =K53*F53 -> 0 | O53: =IF($K53=0,0,IF(E53=0,999,$G53/E53)) -> 0 | P53: =IF($K53=0,0,IF(F53=0,999,$G53/F53)) -> 0
A54: C4122 | C54: AA30 | D54: Cartridge, 12 Gauge Launching Cup for Grenade Non-Lethal | E54: 1.684 | F54: 1.684 | G54: 50 | H54: 1.684 | I54: 1.684 | J54: 50 | K54: =IF(ISNA(VLOOKUP($A54,'Unit EDL'!$A:$C,3,FALSE)),0,VLOOKUP($A54,'Unit EDL'!$A:$C,3,FALSE)) -> 0 | L54: =K54*E54 -> 0 | M54: =K54*F54 -> 0 | O54: =IF($K54=0,0,IF(E54=0,999,$G54/E54)) -> 0 | P54: =IF($K54=0,0,IF(F54=0,999,$G54/F54)) -> 0
A55: C4122 | C55: AA51 | D55: Cartridge, 12 Gauge Point Control M1012 Non-Lethal | E55: 31.081 | F55: 31.081 | G55: 810 | H55: 31.081 | I55: 31.081 | J55: 810 | K55: =IF(ISNA(VLOOKUP($A55,'Unit EDL'!$A:$C,3,FALSE)),0,VLOOKUP($A55,'Unit EDL'!$A:$C,3,FALSE)) -> 0 | L55: =K55*E55 -> 0 | M55: =K55*F55 -> 0 | O55: =IF($K55=0,0,IF(E55=0,999,$G55/E55)) -> 0 | P55: =IF($K55=0,0,IF(F55=0,999,$G55/F55)) -> 0
A56: C4122 | C56: BA06 | D56: Cartridge, 40mm Foam Rubber M1006 Non-Lethal | E56: 11.512 | F56: 11.512 | G56: 300 | H56: 11.512 | I56: 11.512 | J56: 300 | K56: =IF(ISNA(VLOOKUP($A56,'Unit EDL'!$A:$C,3,FALSE)),0,VLOOKUP($A56,'Unit EDL'!$A:$C,3,FALSE)) -> 0 | L56: =K56*E56 -> 0 | M56: =K56*F56 -> 0 | O56: =IF($K56=0,0,IF(E56=0,999,$G56/E56)) -> 0 | P56: =IF($K56=0,0,IF(F56=0,999,$G56/F56)) -> 0
A57: C4122 | C57: GG04 | D57: Grenade, Rubber Ball Non-Lethal 9590 | E57: 5.103 | F57: 5.103 | G57: 150 | H57: 5.103 | I57: 5.103 | J57: 150 | K57: =IF(ISNA(VLOOKUP($A57,'Unit EDL'!$A:$C,3,FALSE)),0,VLOOKUP($A57,'Unit EDL'!$A:$C,3,FALSE)) -> 0 | L57: =K57*E57 -> 0 | M57: =K57*F57 -> 0 | O57: =IF($K57=0,0,IF(E57=0,999,$G57/E57)) -> 0 | P57: =IF($K57=0,0,IF(F57=0,999,$G57/F57)) -> 0
A58: C4122 | C58: GG20 | D58: Grenade, Hand Stun | E58: 5.103 | F58: 5.103 | G58: 150 | H58: 5.103 | I58: 5.103 | J58: 150 | K58: =IF(ISNA(VLOOKUP($A58,'Unit EDL'!$A:$C,3,FALSE)),0,VLOOKUP($A58,'Unit EDL'!$A:$C,3,FALSE)) -> 0 | L58: =K58*E58 -> 0 | M58: =K58*F58 -> 0 | O58: =IF($K58=0,0,IF(E58=0,999,$G58/E58)) -> 0 | P58: =IF($K58=0,0,IF(F58=0,999,$G58/F58)) -> 0
K59: =IF(ISNA(VLOOKUP($A59,'Unit EDL'!$A:$C,3,FALSE)),0,VLOOKUP($A59,'Unit EDL'!$A:$C,3,FALSE)) -> 0 | L59: =K59*E59 -> 0 | M59: =K59*F59 -> 0 | O59: =IF($K59=0,0,IF(E59=0,999,$G59/E59)) -> 0 | P59: =IF($K59=0,0,IF(F59=0,999,$G59/F59)) -> 0
A60: C4144 | B60: Assault Breacher Kit | C60: AX14 | D60: Primer, Percussion 12 Gauge W209 | E60: 34.361 | F60: 34.361 | G60: 100 | K60: =IF(ISNA(VLOOKUP($A60,'Unit EDL'!$A:$C,3,FALSE)),0,VLOOKUP($A60,'Unit EDL'!$A:$C,3,FALSE)) -> 0 | L60: =K60*E60 -> 0 | M60: =K60*F60 -> 0 | O60: =IF($K60=0,0,IF(E60=0,999,$G60/E60)) -> 0 | P60: =IF($K60=0,0,IF(F60=0,999,$G60/F60)) -> 0
A61: C4144 | C61: M456 | D61: Cord, Detonating PETN Type I Class E | E61: 68.732 | F61: 68.732 | G61: 2000 | K61: =IF(ISNA(VLOOKUP($A61,'Unit EDL'!$A:$C,3,FALSE)),0,VLOOKUP($A61,'Unit EDL'!$A:$C,3,FALSE)) -> 0 | L61: =K61*E61 -> 0 | M61: =K61*F61 -> 0 | O61: =IF($K61=0,0,IF(E61=0,999,$G61/E61)) -> 0 | P61: =IF($K61=0,0,IF(F61=0,999,$G61/F61)) -> 0
A62: C4144 | C62: MN14 | D62: Firing Device, Dual Mode MK54 | E62: 0.001 | F62: 0.001 | G62: 1 | K62: =IF(ISNA(VLOOKUP($A62,'Unit EDL'!$A:$C,3,FALSE)),0,VLOOKUP($A62,'Unit EDL'!$A:$C,3,FALSE)) -> 0 | L62: =K62*E62 -> 0 | M62: =K62*F62 -> 0 | O62: =IF($K62=0,0,IF(E62=0,999,$G62/E62)) -> 0 | P62: =IF($K62=0,0,IF(F62=0,999,$G62/F62)) -> 0
A63: C4144 | C63: MN52 | D63: Detonator, Percussion, Non-Electric MK154 Mod 0 | E63: 2.577 | F63: 2.577 | G63: 50 | K63: =IF(ISNA(VLOOKUP($A63,'Unit EDL'!$A:$C,3,FALSE)),0,VLOOKUP($A63,'Unit EDL'!$A:$C,3,FALSE)) -> 0 | L63: =K63*E63 -> 0 | M63: =K63*F63 -> 0 | O63: =IF($K63=0,0,IF(E63=0,999,$G63/E63)) -> 0 | P63: =IF($K63=0,0,IF(F63=0,999,$G63/F63)) -> 0
K64: =IF(ISNA(VLOOKUP($A64,'Unit EDL'!$A:$C,3,FALSE)),0,VLOOKUP($A64,'Unit EDL'!$A:$C,3,FALSE)) -> 0 | L64: =K64*E64 -> 0 | M64: =K64*F64 -> 0 | O64: =IF($K64=0,0,IF(E64=0,999,$G64/E64)) -> 0 | P64: =IF($K64=0,0,IF(F64=0,999,$G64/F64)) -> 0
A65: C414X | B65: Assault Breacher Kit (for MSO) | C65: M456 | D65: Cord, Detonating PETN Type I Class E | E65: 68.732 | F65: 68.732 | G65: 2000 | K65: =IF(ISNA(VLOOKUP($A65,'Unit EDL'!$A:$C,3,FALSE)),0,VLOOKUP($A65,'Unit EDL'!$A:$C,3,FALSE)) -> 0 | L65: =K65*E65 -> 0 | M65: =K65*F65 -> 0 | O65: =IF($K65=0,0,IF(E65=0,999,$G65/E65)) -> 0 | P65: =IF($K65=0,0,IF(F65=0,999,$G65/F65)) -> 0
A66: C414X | C66: MN14 | D66: Firing Device, Dual Mode MK54 | E66: 0.001 | F66: 0.001 | G66: 1 | K66: =IF(ISNA(VLOOKUP($A66,'Unit EDL'!$A:$C,3,FALSE)),0,VLOOKUP($A66,'Unit EDL'!$A:$C,3,FALSE)) -> 0 | L66: =K66*E66 -> 0 | M66: =K66*F66 -> 0 | O66: =IF($K66=0,0,IF(E66=0,999,$G66/E66)) -> 0 | P66: =IF($K66=0,0,IF(F66=0,999,$G66/F66)) -> 0
A67: C414X | C67: MN52 | D67: Detonator, Percussion, Non-Electric MK154 Mod 0 | E67: 2.577 | F67: 2.577 | G67: 50 | K67: =IF(ISNA(VLOOKUP($A67,'Unit EDL'!$A:$C,3,FALSE)),0,VLOOKUP($A67,'Unit EDL'!$A:$C,3,FALSE)) -> 0 | L67: =K67*E67 -> 0 | M67: =K67*F67 -> 0 | O67: =IF($K67=0,0,IF(E67=0,999,$G67/E67)) -> 0 | P67: =IF($K67=0,0,IF(F67=0,999,$G67/F67)) -> 0
K68: =IF(ISNA(VLOOKUP($A68,'Unit EDL'!$A:$C,3,FALSE)),0,VLOOKUP($A68,'Unit EDL'!$A:$C,3,FALSE)) -> 0 | L68: =K68*E68 -> 0 | M68: =K68*F68 -> 0 | O68: =IF($K68=0,0,IF(E68=0,999,$G68/E68)) -> 0 | P68: =IF($K68=0,0,IF(F68=0,999,$G68/F68)) -> 0
A69: C414Y | B69: Assault Breacher Kit AX14 (for MSO) | C69: AX14 | D69: Primer, Percussion 12 Gauge W209 | E69: 0 | F69: 0 | G69: 37.5 | K69: =IF(ISNA(VLOOKUP($A69,'Unit EDL'!$A:$C,3,FALSE)),0,VLOOKUP($A69,'Unit EDL'!$A:$C,3,FALSE)) -> 0 | L69: =K69*E69 -> 0 | M69: =K69*F69 -> 0 | O69: =IF($K69=0,0,IF(E69=0,999,$G69/E69)) -> 0 | P69: =IF($K69=0,0,IF(F69=0,999,$G69/F69)) -> 0
K70: =IF(ISNA(VLOOKUP($A70,'Unit EDL'!$A:$C,3,FALSE)),0,VLOOKUP($A70,'Unit EDL'!$A:$C,3,FALSE)) -> 0 | L70: =K70*E70 -> 0 | M70: =K70*F70 -> 0 | O70: =IF($K70=0,0,IF(E70=0,999,$G70/E70)) -> 0 | P70: =IF($K70=0,0,IF(F70=0,999,$G70/F70)) -> 0
A71: C5540 | B71: Parachute, Cargo, 100ft Diameter | C71: M500 | D71: Cutter, Cartridge Actuated M21 for Reefing Line | H71: 0 | I71: 0 | J71: 4 | K71: =IF(ISNA(VLOOKUP($A71,'Unit EDL'!$A:$C,3,FALSE)),0,VLOOKUP($A71,'Unit EDL'!$A:$C,3,FALSE)) -> 0 | L71: =K71*E71 -> 0 | M71: =K71*F71 -> 0 | O71: =IF($K71=0,0,IF(E71=0,999,$G71/E71)) -> 0 | P71: =IF($K71=0,0,IF(F71=0,999,$G71/F71)) -> 0
K72: =IF(ISNA(VLOOKUP($A72,'Unit EDL'!$A:$C,3,FALSE)),0,VLOOKUP($A72,'Unit EDL'!$A:$C,3,FALSE)) -> 0 | L72: =K72*E72 -> 0 | M72: =K72*F72 -> 0 | O72: =IF($K72=0,0,IF(E72=0,999,$G72/E72)) -> 0 | P72: =IF($K72=0,0,IF(F72=0,999,$G72/F72)) -> 0
A73: DEST1 | B73: Crypto and Document Destroyers, Large Set | C73: M814 | D73: Destroyer, Document M4 Incendiary | E73: 0 | F73: 0 | G73: 5 | H73: 0 | I73: 0 | J73: 5 | K73: =IF(ISNA(VLOOKUP($A73,'Unit EDL'!$A:$C,3,FALSE)),0,VLOOKUP($A73,'Unit EDL'!$A:$C,3,FALSE)) -> 0 | L73: =K73*E73 -> 0 | M73: =K73*F73 -> 0 | O73: =IF($K73=0,0,IF(E73=0,999,$G73/E73)) -> 0 | P73: =IF($K73=0,0,IF(F73=0,999,$G73/F73)) -> 0
K74: =IF(ISNA(VLOOKUP($A74,'Unit EDL'!$A:$C,3,FALSE)),0,VLOOKUP($A74,'Unit EDL'!$A:$C,3,FALSE)) -> 0 | L74: =K74*E74 -> 0 | M74: =K74*F74 -> 0 | O74: =IF($K74=0,0,IF(E74=0,999,$G74/E74)) -> 0 | P74: =IF($K74=0,0,IF(F74=0,999,$G74/F74)) -> 0
A75: DEST2 | B75: Crypto and Document Destroyers, Small Set | C75: M814 | D75: Destroyer, Document M4 Incendiary | E75: 0 | F75: 0 | G75: 2 | H75: 0 | I75: 0 | J75: 2 | K75: =IF(ISNA(VLOOKUP($A75,'Unit EDL'!$A:$C,3,FALSE)),0,VLOOKUP($A75,'Unit EDL'!$A:$C,3,FALSE)) -> 0 | L75: =K75*E75 -> 0 | M75: =K75*F75 -> 0 | O75: =IF($K75=0,0,IF(E75=0,999,$G75/E75)) -> 0 | P75: =IF($K75=0,0,IF(F75=0,999,$G75/F75)) -> 0
K76: =IF(ISNA(VLOOKUP($A76,'Unit EDL'!$A:$C,3,FALSE)),0,VLOOKUP($A76,'Unit EDL'!$A:$C,3,FALSE)) -> 0 | L76: =K76*E76 -> 0 | M76: =K76*F76 -> 0 | O76: =IF($K76=0,0,IF(E76=0,999,$G76/E76)) -> 0 | P76: =IF($K76=0,0,IF(F76=0,999,$G76/F76)) -> 0
A77: E0025 | B77: Launcher, Grenade 40mm M32 Multi-Shot | C77: B504 | D77: Cartridge, 40mm Green Star Parachute M661 | E77: 0 | F77: 0 | G77: 1 | H77: 0.045 | I77: 0.017 | J77: 1 | K77: =IF(ISNA(VLOOKUP($A77,'Unit EDL'!$A:$C,3,FALSE)),0,VLOOKUP($A77,'Unit EDL'!$A:$C,3,FALSE)) -> 72 | L77: =K77*E77 -> 0 | M77: =K77*F77 -> 0 | O77: =IF($K77=0,0,IF(E77=0,999,$G77/E77)) -> 999 | P77: =IF($K77=0,0,IF(F77=0,999,$G77/F77)) -> 999
A78: E0025 | C78: B505 | D78: Cartridge, 40mm Red Star Parachute M662 | E78: 0 | F78: 0 | G78: 1 | H78: 0.017 | I78: 0.006 | J78: 1 | K78: =IF(ISNA(VLOOKUP($A78,'Unit EDL'!$A:$C,3,FALSE)),0,VLOOKUP($A78,'Unit EDL'!$A:$C,3,FALSE)) -> 72 | L78: =K78*E78 -> 0 | M78: =K78*F78 -> 0 | O78: =IF($K78=0,0,IF(E78=0,999,$G78/E78)) -> 999 | P78: =IF($K78=0,0,IF(F78=0,999,$G78/F78)) -> 999
A79: E0025 | C79: B506 | D79: Cartridge, 40mm Red Smoke Ground Marker M713 | E79: 0 | F79: 0 | G79: 1 | H79: 0.017 | I79: 0.006 | J79: 1 | K79: =IF(ISNA(VLOOKUP($A79,'Unit EDL'!$A:$C,3,FALSE)),0,VLOOKUP($A79,'Unit EDL'!$A:$C,3,FALSE)) -> 72 | L79: =K79*E79 -> 0 | M79: =K79*F79 -> 0 | O79: =IF($K79=0,0,IF(E79=0,999,$G79/E79)) -> 999 | P79: =IF($K79=0,0,IF(F79=0,999,$G79/F79)) -> 999
A80: E0025 | C80: B508 | D80: Cartridge, 40mm Green Smoke Ground Marker M715 | E80: 0 | F80: 0 | G80: 1 | H80: 0.017 | I80: 0.006 | J80: 1 | K80: =IF(ISNA(VLOOKUP($A80,'Unit EDL'!$A:$C,3,FALSE)),0,VLOOKUP($A80,'Unit EDL'!$A:$C,3,FALSE)) -> 72 | L80: =K80*E80 -> 0 | M80: =K80*F80 -> 0 | O80: =IF($K80=0,0,IF(E80=0,999,$G80/E80)) -> 999 | P80: =IF($K80=0,0,IF(F80=0,999,$G80/F80)) -> 999
A81: E0025 | C81: B509 | D81: Cartridge, 40mm Yellow Smoke Ground Marker M716 | E81: 0 | F81: 0 | G81: 1 | H81: 0.017 | I81: 0.006 | J81: 1 | K81: =IF(ISNA(VLOOKUP($A81,'Unit EDL'!$A:$C,3,FALSE)),0,VLOOKUP($A81,'Unit EDL'!$A:$C,3,FALSE)) -> 72 | L81: =K81*E81 -> 0 | M81: =K81*F81 -> 0 | O81: =IF($K81=0,0,IF(E81=0,999,$G81/E81)) -> 999 | P81: =IF($K81=0,0,IF(F81=0,999,$G81/F81)) -> 999
A82: E0025 | C82: B535 | D82: Cartridge, 40mm White Star Parachute M583/M583A1 | E82: 0 | F82: 0 | G82: 3 | H82: 0.045 | I82: 0.017 | J82: 2 | K82: =IF(ISNA(VLOOKUP($A82,'Unit EDL'!$A:$C,3,FALSE)),0,VLOOKUP($A82,'Unit EDL'!$A:$C,3,FALSE)) -> 72 | L82: =K82*E82 -> 0 | M82: =K82*F82 -> 0 | O82: =IF($K82=0,0,IF(E82=0,999,$G82/E82)) -> 999 | P82: =IF($K82=0,0,IF(F82=0,999,$G82/F82)) -> 999
A83: E0025 | C83: B546 | D83: Cartridge, 40mm HEDP M433 | E83: 0 | F83: 0 | G83: 18 | H83: 0.068 | I83: 0.029 | J83: 12 | K83: =IF(ISNA(VLOOKUP($A83,'Unit EDL'!$A:$C,3,FALSE)),0,VLOOKUP($A83,'Unit EDL'!$A:$C,3,FALSE)) -> 72 | L83: =K83*E83 -> 0 | M83: =K83*F83 -> 0 | O83: =IF($K83=0,0,IF(E83=0,999,$G83/E83)) -> 999 | P83: =IF($K83=0,0,IF(F83=0,999,$G83/F83)) -> 999
K84: =IF(ISNA(VLOOKUP($A84,'Unit EDL'!$A:$C,3,FALSE)),0,VLOOKUP($A84,'Unit EDL'!$A:$C,3,FALSE)) -> 0 | L84: =K84*E84 -> 0 | M84: =K84*F84 -> 0 | O84: =IF($K84=0,0,IF(E84=0,999,$G84/E84)) -> 0 | P84: =IF($K84=0,0,IF(F84=0,999,$G84/F84)) -> 0
A85: E0051 | B85: Rifle, 5.56mm Special Purpose MK12 | C85: A063 | D85: Cartridge, 5.56mm Tracer M856 Single Round | E85: 0.931 | F85: 0.065 | G85: 40 | K85: =IF(ISNA(VLOOKUP($A85,'Unit EDL'!$A:$C,3,FALSE)),0,VLOOKUP($A85,'Unit EDL'!$A:$C,3,FALSE)) -> 10 | L85: =K85*E85 -> 9.31 | M85: =K85*F85 -> 0.65 | O85: =IF($K85=0,0,IF(E85=0,999,$G85/E85)) -> 42.964554 | P85: =IF($K85=0,0,IF(F85=0,999,$G85/F85)) -> 615.38462
A86: E0051 | C86: AA53 | D86: Cartridge, 5.56mm Ball Special Match LR MK 262 Mod 0 | E86: 9.529 | F86: 0.832 | G86: 300 | K86: =IF(ISNA(VLOOKUP($A86,'Unit EDL'!$A:$C,3,FALSE)),0,VLOOKUP($A86,'Unit EDL'!$A:$C,3,FALSE)) -> 10 | L86: =K86*E86 -> 95.29 | M86: =K86*F86 -> 8.32 | O86: =IF($K86=0,0,IF(E86=0,999,$G86/E86)) -> 31.482842 | P86: =IF($K86=0,0,IF(F86=0,999,$G86/F86)) -> 360.57692
K87: =IF(ISNA(VLOOKUP($A87,'Unit EDL'!$A:$C,3,FALSE)),0,VLOOKUP($A87,'Unit EDL'!$A:$C,3,FALSE)) -> 0 | L87: =K87*E87 -> 0 | M87: =K87*F87 -> 0 | O87: =IF($K87=0,0,IF(E87=0,999,$G87/E87)) -> 0 | P87: =IF($K87=0,0,IF(F87=0,999,$G87/F87)) -> 0
A88: E0055 | B88: Launcher System, Saber M41A4 | C88: PV47 | D88: Guided Missile, Surface Attack BGM-71E-3B (TOW-2A) | E88: 0.342 | F88: 0.004 | G88: 1 | K88: =IF(ISNA(VLOOKUP($A88,'Unit EDL'!$A:$C,3,FALSE)),0,VLOOKUP($A88,'Unit EDL'!$A:$C,3,FALSE)) -> 50 | L88: =K88*E88 -> 17.1 | M88: =K88*F88 -> 0.2 | O88: =IF($K88=0,0,IF(E88=0,999,$G88/E88)) -> 2.9239766 | P88: =IF($K88=0,0,IF(F88=0,999,$G88/F88)) -> 250
A89: E0055 | C89: WH51 | D89: Guided Missile, BGM-71H-1 (TOW Bunker Buster) | E89: 1.039 | F89: 0.019 | G89: 3 | K89: =IF(ISNA(VLOOKUP($A89,'Unit EDL'!$A:$C,3,FALSE)),0,VLOOKUP($A89,'Unit EDL'!$A:$C,3,FALSE)) -> 50 | L89: =K89*E89 -> 51.95 | M89: =K89*F89 -> 0.95 | O89: =IF($K89=0,0,IF(E89=0,999,$G89/E89)) -> 2.8873917 | P89: =IF($K89=0,0,IF(F89=0,999,$G89/F89)) -> 157.89474
A90: E0055 | C90: WH53 | D90: Guided Missile, Surface Attack BGM-71F-1 (TOW-2B) | E90: 0.214 | F90: 0.002 | G90: 2 | K90: =IF(ISNA(VLOOKUP($A90,'Unit EDL'!$A:$C,3,FALSE)),0,VLOOKUP($A90,'Unit EDL'!$A:$C,3,FALSE)) -> 50 | L90: =K90*E90 -> 10.7 | M90: =K90*F90 -> 0.1 | O90: =IF($K90=0,0,IF(E90=0,999,$G90/E90)) -> 9.3457944 | P90: =IF($K90=0,0,IF(F90=0,999,$G90/F90)) -> 1000
K91: =IF(ISNA(VLOOKUP($A91,'Unit EDL'!$A:$C,3,FALSE)),0,VLOOKUP($A91,'Unit EDL'!$A:$C,3,FALSE)) -> 0 | L91: =K91*E91 -> 0 | M91: =K91*F91 -> 0 | O91: =IF($K91=0,0,IF(E91=0,999,$G91/E91)) -> 0 | P91: =IF($K91=0,0,IF(F91=0,999,$G91/F91)) -> 0
A92: E0100 | B92: Infantry Automatic Rifle M27 (IAR) | C92: A059 | D92: Cartridge, 5.56mm Ball M855 10/Clip | E92: 140.573 | F92: 3.947 | G92: 480 | H92: 0 | I92: 0 | J92: 480 | K92: =IF(ISNA(VLOOKUP($A92,'Unit EDL'!$A:$C,3,FALSE)),0,VLOOKUP($A92,'Unit EDL'!$A:$C,3,FALSE)) -> 333 | L92: =K92*E92 -> 46810.809 | M92: =K92*F92 -> 1314.351 | O92: =IF($K92=0,0,IF(E92=0,999,$G92/E92)) -> 3.414596 | P92: =IF($K92=0,0,IF(F92=0,999,$G92/F92)) -> 121.61135
A93: E0100 | C93: A063 | D93: Cartridge, 5.56mm Tracer M856 Single Round | E93: 19.038 | F93: 0.486 | G93: 66 | H93: 0 | I93: 0 | J93: 66 | K93: =IF(ISNA(VLOOKUP($A93,'Unit EDL'!$A:$C,3,FALSE)),0,VLOOKUP($A93,'Unit EDL'!$A:$C,3,FALSE)) -> 333 | L93: =K93*E93 -> 6339.654 | M93: =K93*F93 -> 161.838 | O93: =IF($K93=0,0,IF(E93=0,999,$G93/E93)) -> 3.4667507 | P93: =IF($K93=0,0,IF(F93=0,999,$G93/F93)) -> 135.80247
A94: E0100 | C94: AA53 | D94: Cartridge, 5.56mm Ball Special Match LR MK 262 Mod 0 | E94: 0 | F94: 0 | G94: 48 | H94: 0 | I94: 0 | J94: 48 | K94: =IF(ISNA(VLOOKUP($A94,'Unit EDL'!$A:$C,3,FALSE)),0,VLOOKUP($A94,'Unit EDL'!$A:$C,3,FALSE)) -> 333 | L94: =K94*E94 -> 0 | M94: =K94*F94 -> 0 | O94: =IF($K94=0,0,IF(E94=0,999,$G94/E94)) -> 999 | P94: =IF($K94=0,0,IF(F94=0,999,$G94/F94)) -> 999
K95: =IF(ISNA(VLOOKUP($A95,'Unit EDL'!$A:$C,3,FALSE)),0,VLOOKUP($A95,'Unit EDL'!$A:$C,3,FALSE)) -> 0 | L95: =K95*E95 -> 0 | M95: =K95*F95 -> 0 | O95: =IF($K95=0,0,IF(E95=0,999,$G95/E95)) -> 0 | P95: =IF($K95=0,0,IF(F95=0,999,$G95/F95)) -> 0
A96: E0103 | B96: Rifle, 7.62mm Semi-Automatic Sniper System M110 | C96: AA03 | D96: Cartridge, 7.62mm AP M993 Single Round | E96: 17.442 | F96: 6.678 | G96: 80 | H96: 7.18 | I96: 6.395 | J96: 80 | K96: =IF(ISNA(VLOOKUP($A96,'Unit EDL'!$A:$C,3,FALSE)),0,VLOOKUP($A96,'Unit EDL'!$A:$C,3,FALSE)) -> 32 | L96: =K96*E96 -> 558.144 | M96: =K96*F96 -> 213.696 | O96: =IF($K96=0,0,IF(E96=0,999,$G96/E96)) -> 4.58663 | P96: =IF($K96=0,0,IF(F96=0,999,$G96/F96)) -> 11.979635
A97: E0103 | C97: AA11 | D97: Cartridge, 7.62mm Long Range M118 LR | E97: 4.69 | F97: 2.422 | G97: 20 | H97: 2.326 | I97: 2.326 | J97: 20 | K97: =IF(ISNA(VLOOKUP($A97,'Unit EDL'!$A:$C,3,FALSE)),0,VLOOKUP($A97,'Unit EDL'!$A:$C,3,FALSE)) -> 32 | L97: =K97*E97 -> 150.08 | M97: =K97*F97 -> 77.504 | O97: =IF($K97=0,0,IF(E97=0,999,$G97/E97)) -> 4.2643923 | P97: =IF($K97=0,0,IF(F97=0,999,$G97/F97)) -> 8.2576383
K98: =IF(ISNA(VLOOKUP($A98,'Unit EDL'!$A:$C,3,FALSE)),0,VLOOKUP($A98,'Unit EDL'!$A:$C,3,FALSE)) -> 0 | L98: =K98*E98 -> 0 | M98: =K98*F98 -> 0 | O98: =IF($K98=0,0,IF(E98=0,999,$G98/E98)) -> 0 | P98: =IF($K98=0,0,IF(F98=0,999,$G98/F98)) -> 0
A99: E0123 | B99: Machine Gun, Caliber .50 QCB M2A1 | C99: A518 | D99: Cartridge, Caliber .50 4 SLAP M903/1 SLAP-T M962 Linked | E99: 0 | F99: 0 | G99: 200 | H99: 0 | I99: 0 | J99: 200 | K99: =IF(ISNA(VLOOKUP($A99,'Unit EDL'!$A:$C,3,FALSE)),0,VLOOKUP($A99,'Unit EDL'!$A:$C,3,FALSE)) -> 0 | L99: =K99*E99 -> 0 | M99: =K99*F99 -> 0 | O99: =IF($K99=0,0,IF(E99=0,999,$G99/E99)) -> 0 | P99: =IF($K99=0,0,IF(F99=0,999,$G99/F99)) -> 0
A100: E0123 | C100: A576 | D100: Cartridge, Caliber .50 4 API M8/1 API-T M20 Linked | E100: 200.218 | F100: 15.41 | G100: 400 | H100: 5.266 | I100: 0.371 | J100: 400 | K100: =IF(ISNA(VLOOKUP($A100,'Unit EDL'!$A:$C,3,FALSE)),0,VLOOKUP($A100,'Unit EDL'!$A:$C,3,FALSE)) -> 0 | L100: =K100*E100 -> 0 | M100: =K100*F100 -> 0 | O100: =IF($K100=0,0,IF(E100=0,999,$G100/E100)) -> 0 | P100: =IF($K100=0,0,IF(F100=0,999,$G100/F100)) -> 0
K101: =IF(ISNA(VLOOKUP($A101,'Unit EDL'!$A:$C,3,FALSE)),0,VLOOKUP($A101,'Unit EDL'!$A:$C,3,FALSE)) -> 0 | L101: =K101*E101 -> 0 | M101: =K101*F101 -> 0 | O101: =IF($K101=0,0,IF(E101=0,999,$G101/E101)) -> 0 | P101: =IF($K101=0,0,IF(F101=0,999,$G101/F101)) -> 0
A102: E0150 | B102: Armored Vehicle Launched Bridge (AVLB) | C102: GG24 | D102: Grenade, Launcher Smoke Infrared Screening | E102: 2.835 | F102: 2.835 | G102: 24 | K102: =IF(ISNA(VLOOKUP($A102,'Unit EDL'!$A:$C,3,FALSE)),0,VLOOKUP($A102,'Unit EDL'!$A:$C,3,FALSE)) -> 2 | L102: =K102*E102 -> 5.67 | M102: =K102*F102 -> 5.67 | O102: =IF($K102=0,0,IF(E102=0,999,$G102/E102)) -> 8.4656085 | P102: =IF($K102=0,0,IF(F102=0,999,$G102/F102)) -> 8.4656085
...

Sheet Ammo Pallet Calculator
A1: DODIC | C1: Units per pack | D1: Unit price | E1: Pack length | F1: Pack width | G1: Pack height | H1: Pack weight | I1: Weight per unit | J1: COMP GRP | K1: UN # | L1: NEW | S1: ASSAULT RATE | Z1: Transportation LIFT Capabilities By Type | AE1: ASSAULT RATE
M2: Pallet Data | AE2: SUSTAIN RATE
M3: Length | N3: Width | O3: Height | P3: Weight | Q3: Containers Per Pallet | S3: GCE 1 DOA ASSAULT RATE | T3: GCE 1 DOA SUSTAIN RATE | U3: Total DOA's | V3: # BOXES | W3: # PALLETS | X3: WEIGHT | Y3: NEW | Z3: VEHICLE TYPE | AA3: STANDARD PALLET CAPACITY | AB3: MAX PAYLOAD | AC3: # VEHICLES RQD BY PALLET | AD3: # VEHICLES RQD BY WEIGHT
A4: A011 | C4: 240 | D4: 0.36 | E4: 14.44 | F4: 12.53 | G4: 8.12 | H4: 39.2 | I4: =(H4/C4) -> 0.16333333 | J4: 1.4S | K4: 0012 | L4: 0.0038 | M4: 43.31 | N4: 50.12 | O4: 38 | P4: 2009 | Q4: 48 | S4: =IF($S$1="ASSAULT RATE",SUMIF('Loads + CPFs by TAMCN'!$C$8:$C$1000,'Ammo Pallet Calculator'!A4,'Loads + CPFs by TAMCN'!$L$8:$L$1000),0) -> 1786.08 | T4: =IF($S$1="SUSTAIN RATE",SUMIF('Loads + CPFs by TAMCN'!$C$8:$C$1000,'Ammo Pallet Calculator'!A4,'Loads + CPFs by TAMCN'!$M$8:$M$1000),0) -> 0 | U4: =SUM(S4:T4) -> 1786.08 | V4: =SUM(U4/C4) -> 7.442 | W4: =(V4/Q4) -> 0.15504167 | X4: =SUM(V4*H4) -> 291.7264 | Y4: =U4*L4 -> 6.787104 | Z4: 7-Ton MTVR Standard Pallets Per | AA4: 6 | AB4: 24400 | AC4: =($AA$20/AA4) -> 21.88525 | AD4: =($Z$17/AB4) -> 20.915604
A5: A014 | C5: 240 | D5: 0.25 | E5: 14.44 | F5: 12.53 | G5: 8.12 | H5: 39.2 | I5: =(H5/C5) -> 0.16333333 | J5: 1.4S | K5: 0012 | L5: 0.00283 | M5: 43.31 | N5: 50.12 | O5: 38 | P5: 2009 | Q5: 48 | S5: =IF($S$1="ASSAULT RATE",SUMIF('Loads + CPFs by TAMCN'!$C$8:$C$1000,'Ammo Pallet Calculator'!A5,'Loads + CPFs by TAMCN'!$L$8:$L$1000),0) -> 0 | T5: =IF($S$1="SUSTAIN RATE",SUMIF('Loads + CPFs by TAMCN'!$C$8:$C$1000,'Ammo Pallet Calculator'!A5,'Loads + CPFs by TAMCN'!$M$8:$M$1000),0) -> 0 | U5: =SUM(S5:T5) -> 0 | V5: =SUM(U5/C5) -> 0 | W5: =(V5/Q5) -> 0 | X5: =SUM(V5*H5) -> 0 | Y5: =U5*L5 -> 0 | Z5: 7-Ton MTVR XLB Standard Pallets Per | AA5: 8 | AB5: 30000 | AC5: =($AA$20/AA5) -> 16.413937 | AD5: =($Z$17/AB5) -> 17.011358
A6: A023 | C6: 240 | D6: 0.58 | E6: 14.44 | F6: 12.53 | G6: 8.12 | H6: 45.9 | I6: =(H6/C6) -> 0.19125 | J6: 1.4S | K6: 0012 | L6: 0.0055 | M6: 43.31 | N6: 50.12 | O6: 38 | P6: 2278 | Q6: 48 | S6: =IF($S$1="ASSAULT RATE",SUMIF('Loads + CPFs by TAMCN'!$C$8:$C$1000,'Ammo Pallet Calculator'!A6,'Loads + CPFs by TAMCN'!$L$8:$L$1000),0) -> 0 | T6: =IF($S$1="SUSTAIN RATE",SUMIF('Loads + CPFs by TAMCN'!$C$8:$C$1000,'Ammo Pallet Calculator'!A6,'Loads + CPFs by TAMCN'!$M$8:$M$1000),0) -> 0 | U6: =SUM(S6:T6) -> 0 | V6: =SUM(U6/C6) -> 0 | W6: =(V6/Q6) -> 0 | X6: =SUM(V6*H6) -> 0 | Y6: =U6*L6 -> 0 | Z6: LVS Standard Pallets Per | AA6: 8 | AB6: 45000 | AC6: =($AA$20/AA6) -> 16.413937 | AD6: =($Z$17/AB6) -> 11.340905
A7: A024 | C7: 320 | D7: 2.29 | E7: 14.44 | F7: 12.53 | G7: 8.12 | H7: 49 | I7: =(H7/C7) -> 0.153125 | J7: 1.4S | K7: 0012 | L7: 0.0031 | M7: 43.31 | N7: 50.12 | O7: 38 | P7: 2427 | Q7: 48 | S7: =IF($S$1="ASSAULT RATE",SUMIF('Loads + CPFs by TAMCN'!$C$8:$C$1000,'Ammo Pallet Calculator'!A7,'Loads + CPFs by TAMCN'!$L$8:$L$1000),0) -> 0 | T7: =IF($S$1="SUSTAIN RATE",SUMIF('Loads + CPFs by TAMCN'!$C$8:$C$1000,'Ammo Pallet Calculator'!A7,'Loads + CPFs by TAMCN'!$M$8:$M$1000),0) -> 0 | U7: =SUM(S7:T7) -> 0 | V7: =SUM(U7/C7) -> 0 | W7: =(V7/Q7) -> 0 | X7: =SUM(V7*H7) -> 0 | Y7: =U7*L7 -> 0 | Z7: Tractor Trailor Standard Pallets Per | AA7: 16 | AB7: 50000 | AC7: =($AA$20/AA7) -> 8.2069687 | AD7: =($Z$17/AB7) -> 10.206815
A8: A059 | C8: 1680 | D8: 0.56 | E8: 14.44 | F8: 12.53 | G8: 8.12 | H8: 67 | I8: =(H8/C8) -> 0.039880952 | J8: 1.4S | K8: 0012 | L8: 0.00379 | M8: 43.31 | N8: 50.12 | O8: 38 | P8: 3310 | Q8: 48 | S8: =IF($S$1="ASSAULT RATE",SUMIF('Loads + CPFs by TAMCN'!$C$8:$C$1000,'Ammo Pallet Calculator'!A8,'Loads + CPFs by TAMCN'!$L$8:$L$1000),0) -> 164144.3 | T8: =IF($S$1="SUSTAIN RATE",SUMIF('Loads + CPFs by TAMCN'!$C$8:$C$1000,'Ammo Pallet Calculator'!A8,'Loads + CPFs by TAMCN'!$M$8:$M$1000),0) -> 0 | U8: =SUM(S8:T8) -> 164144.3 | V8: =(U8/C8) -> 97.704942 | W8: =(V8/Q8) -> 2.0355196 | X8: 0 | Y8: =U8*L8 -> 622.1069 | Z8: CH-53 External Load Standard Pallet Per | AA8: 4 | AB8: 10000 | AC8: =($AA$20/AA8) -> 32.827875 | AD8: =($Z$17/AB8) -> 51.034074
A9: A063 | C9: 1640 | D9: 0.6 | E9: 14.44 | F9: 12.53 | G9: 8.12 | H9: 66.7 | I9: =(H9/C9) -> 0.040670732 | J9: 1.4S | K9: 0012 | L9: 0.00356 | M9: 43.31 | N9: 50.12 | O9: 38 | P9: 3310 | Q9: 48 | S9: =IF($S$1="ASSAULT RATE",SUMIF('Loads + CPFs by TAMCN'!$C$8:$C$1000,'Ammo Pallet Calculator'!A9,'Loads + CPFs by TAMCN'!$L$8:$L$1000),0) -> 20937.829 | T9: =IF($S$1="SUSTAIN RATE",SUMIF('Loads + CPFs by TAMCN'!$C$8:$C$1000,'Ammo Pallet Calculator'!A9,'Loads + CPFs by TAMCN'!$M$8:$M$1000),0) -> 0 | U9: =SUM(S9:T9) -> 20937.829 | V9: =(U9/C9) -> 12.766969 | W9: =(V9/Q9) -> 0.26597852 | X9: =(V9*H9) -> 851.55683 | Y9: =U9*L9 -> 74.538671 | Z9: 8x8x20 ISO Container Pallets Per | AA9: 16 | AB9: 44800 | AC9: =($AA$20/AA9) -> 8.2069687 | AD9: =($Z$17/AB9) -> 11.391534
A10: A064 | C10: 1600 | D10: 0.63 | E10: 17 | F10: 13.38 | G10: 9.38 | H10: 75 | I10: =(H10/C10) -> 0.046875 | J10: 1.4S | K10: 0012 | L10: 0.0044 | M10: 40.12 | N10: 51 | O10: 43 | P10: 2682 | Q10: 36 | S10: =IF($S$1="ASSAULT RATE",SUMIF('Loads + CPFs by TAMCN'!$C$8:$C$1000,'Ammo Pallet Calculator'!A10,'Loads + CPFs by TAMCN'!$L$8:$L$1000),0) -> 78492.715 | T10: =IF($S$1="SUSTAIN RATE",SUMIF('Loads + CPFs by TAMCN'!$C$8:$C$1000,'Ammo Pallet Calculator'!A10,'Loads + CPFs by TAMCN'!$M$8:$M$1000),0) -> 0 | U10: =SUM(S10:T10) -> 78492.715 | V10: =SUM(U10/C10) -> 49.057947 | W10: =(V10/Q10) -> 1.3627207 | X10: 0 | Y10: =U10*L10 -> 345.36795 | Z10: 463L Standard Pallets Per | AA10: 4 | AB10: 10000 | AC10: =($AA$20/AA10) -> 32.827875 | AD10: =($Z$17/AB10) -> 51.034074
A11: A131 | C11: 800 | D11: 0.73 | E11: 17.38 | F11: 11.5 | G11: 8.12 | H11: 77.8 | I11: =(H11/C11) -> 0.09725 | J11: 1.4S | K11: 0012 | L11: 0.0067 | M11: 35 | N11: 46 | O11: 46.12 | P11: 3152 | Q11: 40 | S11: =IF($S$1="ASSAULT RATE",SUMIF('Loads + CPFs by TAMCN'!$C$8:$C$1000,'Ammo Pallet Calculator'!A11,'Loads + CPFs by TAMCN'!$L$8:$L$1000),0) -> 145557.59 | T11: =IF($S$1="SUSTAIN RATE",SUMIF('Loads + CPFs by TAMCN'!$C$8:$C$1000,'Ammo Pallet Calculator'!A11,'Loads + CPFs by TAMCN'!$M$8:$M$1000),0) -> 0 | U11: =SUM(S11:T11) -> 145557.59 | V11: =SUM(U11/C11) -> 181.94699 | W11: =(V11/Q11) -> 4.5486747 | X11: =SUM(V11*H11) -> 14155.476 | Y11: =U11*L11 -> 975.23586 | Z11: C-130 Plane Standard Pallets Per (6 463L's Per) | AA11: 24 | AB11: 24000 | AC11: =($AA$20/AA11) -> 5.4713124 | AD11: =($Z$17/AB11) -> 21.264198
A12: A260 | C12: 2000 | D12: 0.13 | E12: 14.44 | F12: 12.53 | G12: 8.5 | H12: 82.3 | I12: =(H12/C12) -> 0.04115 | J12: 1.4S | K12: 0012 | L12: 0.0007 | M12: 43.31 | N12: 50.12 | O12: 38 | P12: 4025 | Q12: 48 | S12: =IF($S$1="ASSAULT RATE",SUMIF('Loads + CPFs by TAMCN'!$C$8:$C$1000,'Ammo Pallet Calculator'!A12,'Loads + CPFs by TAMCN'!$L$8:$L$1000),0) -> 0 | T12: =IF($S$1="SUSTAIN RATE",SUMIF('Loads + CPFs by TAMCN'!$C$8:$C$1000,'Ammo Pallet Calculator'!A12,'Loads + CPFs by TAMCN'!$M$8:$M$1000),0) -> 0 | U12: =SUM(S12:T12) -> 0 | V12: =SUM(U12/C12) -> 0 | W12: =(V12/Q12) -> 0 | X12: =SUM(V12*H12) -> 0 | Y12: =U12*L12 -> 0 | Z12: C-141 Plane Standard Pallets Per (13 463L's Per) | AA12: 52 | AB12: 38000 | AC12: =($AA$20/AA12) -> 2.5252211 | AD12: =($Z$17/AB12) -> 13.43002
A13: A363 | C13: 2000 | D13: 0.13 | E13: 14.44 | F13: 12.53 | G13: 8.5 | H13: 79.7 | I13: =(H13/C13) -> 0.03985 | J13: 1.4S | K13: 0012 | L13: 0.000911 | M13: 43.31 | N13: 50.12 | O13: 38 | P13: 3934 | Q13: 48 | S13: =IF($S$1="ASSAULT RATE",SUMIF('Loads + CPFs by TAMCN'!$C$8:$C$1000,'Ammo Pallet Calculator'!A13,'Loads + CPFs by TAMCN'!$L$8:$L$1000),0) -> 3034.56 | T13: =IF($S$1="SUSTAIN RATE",SUMIF('Loads + CPFs by TAMCN'!$C$8:$C$1000,'Ammo Pallet Calculator'!A13,'Loads + CPFs by TAMCN'!$M$8:$M$1000),0) -> 0 | U13: =SUM(S13:T13) -> 3034.56 | V13: =SUM(U13/C13) -> 1.51728 | W13: =(V13/Q13) -> 0.03161 | X13: =SUM(V13*H13) -> 120.92722 | Y13: =U13*L13 -> 2.7644842 | Z13: C-5 Plane Standard Pallets Per (36 463L's Per) | AA13: 144 | AB13: 120000 | AC13: =($AA$20/AA13) -> 0.91188541 | AD13: =($Z$17/AB13) -> 4.2528395
A14: A475 | C14: 2000 | D14: 0.21 | E14: 14.44 | F14: 12.53 | G14: 8.5 | H14: 107 | I14: =(H14/C14) -> 0.0535 | J14: 1.4S | K14: 0012 | L14: 0.0008 | M14: 43.31 | N14: 50.12 | O14: 29.88 | P14: 3977 | Q14: 36 | S14: =IF($S$1="ASSAULT RATE",SUMIF('Loads + CPFs by TAMCN'!$C$8:$C$1000,'Ammo Pallet Calculator'!A14,'Loads + CPFs by TAMCN'!$L$8:$L$1000),0) -> 0 | T14: =IF($S$1="SUSTAIN RATE",SUMIF('Loads + CPFs by TAMCN'!$C$8:$C$1000,'Ammo Pallet Calculator'!A14,'Loads + CPFs by TAMCN'!$M$8:$M$1000),0) -> 0 | U14: =SUM(S14:T14) -> 0 | V14: =SUM(U14/C14) -> 0 | W14: =(V14/Q14) -> 0 | X14: =SUM(V14*H14) -> 0 | Y14: =U14*L14 -> 0 | Z14: C-17 Plane Standard Pallets Per (18 463L's Per) | AA14: 72 | AB14: 90000 | AC14: =($AA$20/AA14) -> 1.8237708 | AD14: =($Z$17/AB14) -> 5.6704527
A15: A518 | C15: 200 | D15: 8.63 | E15: 14.44 | F15: 12.53 | G15: 8.5 | H15: 77 | I15: =(H15/C15) -> 0.385 | J15: 1.4C | K15: 0339 | L15: 0.04201 | M15: 43.31 | N15: 50.12 | O15: 38 | P15: 3771 | Q15: 48 | S15: =IF($S$1="ASSAULT RATE",SUMIF('Loads + CPFs by TAMCN'!$C$8:$C$1000,'Ammo Pallet Calculator'!A15,'Loads + CPFs by TAMCN'!$L$8:$L$1000),0) -> 328.348 | T15: =IF($S$1="SUSTAIN RATE",SUMIF('Loads + CPFs by TAMCN'!$C$8:$C$1000,'Ammo Pallet Calculator'!A15,'Loads + CPFs by TAMCN'!$M$8:$M$1000),0) -> 0 | U15: =SUM(S15:T15) -> 328.348 | V15: =SUM(U15/C15) -> 1.64174 | W15: =(V15/Q15) -> 0.034202917 | X15: =SUM(V15*H15) -> 126.41398 | Y15: =U15*L15 -> 13.793899
A16: A576 | C16: 200 | D16: 3.29 | E16: 14.44 | F16: 12.53 | G16: 8.5 | H16: 77.1 | I16: =(H16/C16) -> 0.3855 | J16: 1.4C | K16: 0300 | L16: 0.0336 | M16: 43.31 | N16: 50.12 | O16: 38 | P16: 3691 | Q16: 48 | S16: =IF($S$1="ASSAULT RATE",SUMIF('Loads + CPFs by TAMCN'!$C$8:$C$1000,'Ammo Pallet Calculator'!A16,'Loads + CPFs by TAMCN'!$L$8:$L$1000),0) -> 106965.16 | T16: =IF($S$1="SUSTAIN RATE",SUMIF('Loads + CPFs by TAMCN'!$C$8:$C$1000,'Ammo Pallet Calculator'!A16,'Loads + CPFs by TAMCN'!$M$8:$M$1000),0) -> 0 | U16: =SUM(S16:T16) -> 106965.16 | V16: =SUM(U16/C16) -> 534.82579 | W16: =(V16/Q16) -> 11.142204 | X16: =SUM(V16*H16) -> 41235.068 | Y16: =U16*L16 -> 3594.0293 | Z16: TOTAL WT | AA16: TOTAL NEW
A17: A606 | C17: 240 | D17: 8.76 | E17: 14.44 | F17: 12.53 | G17: 8.5 | H17: 79 | I17: =(H17/C17) -> 0.32916667 | J17: 1.4G | K17: 0300 | L17: 0.0394 | M17: 43.31 | N17: 50.12 | O17: 38 | P17: 3867 | Q17: 48 | S17: =IF($S$1="ASSAULT RATE",SUMIF('Loads + CPFs by TAMCN'!$C$8:$C$1000,'Ammo Pallet Calculator'!A17,'Loads + CPFs by TAMCN'!$L$8:$L$1000),0) -> 287.945 | T17: =IF($S$1="SUSTAIN RATE",SUMIF('Loads + CPFs by TAMCN'!$C$8:$C$1000,'Ammo Pallet Calculator'!A17,'Loads + CPFs by TAMCN'!$M$8:$M$1000),0) -> 0 | U17: =SUM(S17:T17) -> 287.945 | V17: =SUM(U17/C17) -> 1.1997708 | W17: =(V17/Q17) -> 0.024995226 | X17: =SUM(V17*H17) -> 94.781896 | Y17: =U17*L17 -> 11.345033 | Z17: =SUM(X4:X174) -> 510340.74 | AA17: =SUM(Y4:Y174) -> 77622.329
A18: A974 | C18: 55 | D18: 26.56 | E18: 18.62 | F18: 10.62 | G18: 14.62 | H18: 98.5 | I18: =(H18/C18) -> 1.7909091 | J18: 1.4C | K18: 0339 | L18: 0.21661 | M18: 44.75 | N18: 53.12 | O18: 34.75 | P18: 2139 | Q18: 20 | S18: =IF($S$1="ASSAULT RATE",SUMIF('Loads + CPFs by TAMCN'!$C$8:$C$1000,'Ammo Pallet Calculator'!A18,'Loads + CPFs by TAMCN'!$L$8:$L$1000),0) -> 356.972 | T18: =IF($S$1="SUSTAIN RATE",SUMIF('Loads + CPFs by TAMCN'!$C$8:$C$1000,'Ammo Pallet Calculator'!A18,'Loads + CPFs by TAMCN'!$M$8:$M$1000),0) -> 0 | U18: =SUM(S18:T18) -> 356.972 | V18: =SUM(U18/C18) -> 6.4904 | W18: =(V18/Q18) -> 0.32452 | X18: =SUM(V18*H18) -> 639.3044 | Y18: =U18*L18 -> 77.323705
A19: A975 | C19: 55 | D19: 35.56 | E19: 18.62 | F19: 10.62 | G19: 14.62 | H19: 98.5 | I19: =(H19/C19) -> 1.7909091 | J19: 1.2E(02) | K19: 0321 | L19: 0.268985 | M19: 44.75 | N19: 53.12 | O19: 34.75 | P19: 2139 | Q19: 20 | S19: =IF($S$1="ASSAULT RATE",SUMIF('Loads + CPFs by TAMCN'!$C$8:$C$1000,'Ammo Pallet Calculator'!A19,'Loads + CPFs by TAMCN'!$L$8:$L$1000),0) -> 1154.3 | T19: =IF($S$1="SUSTAIN RATE",SUMIF('Loads + CPFs by TAMCN'!$C$8:$C$1000,'Ammo Pallet Calculator'!A19,'Loads + CPFs by TAMCN'!$M$8:$M$1000),0) -> 0 | U19: =SUM(S19:T19) -> 1154.3 | V19: =SUM(U19/C19) -> 20.987273 | W19: =(V19/Q19) -> 1.0493636 | X19: =SUM(V19*H19) -> 2067.2464 | Y19: =U19*L19 -> 310.48939 | Z19: TOTL SHT TONS | AA19: TOTAL PALLETS
A20: AA11 | C20: 920 | D20: 0.7 | E20: 14.44 | F20: 12.53 | G20: 8.5 | H20: 73.5 | I20: =(H20/C20) -> 0.079891304 | J20: 1.4S | K20: 0012 | L20: 0.0067 | M20: 43.31 | N20: 50.12 | O20: 38 | P20: 3603 | Q20: 48 | S20: =IF($S$1="ASSAULT RATE",SUMIF('Loads + CPFs by TAMCN'!$C$8:$C$1000,'Ammo Pallet Calculator'!A20,'Loads + CPFs by TAMCN'!$L$8:$L$1000),0) -> 308.256 | T20: =IF($S$1="SUSTAIN RATE",SUMIF('Loads + CPFs by TAMCN'!$C$8:$C$1000,'Ammo Pallet Calculator'!A20,'Loads + CPFs by TAMCN'!$M$8:$M$1000),0) -> 0 | U20: =SUM(S20:T20) -> 308.256 | V20: =SUM(U20/C20) -> 0.33506087 | W20: =(V20/Q20) -> 0.0069804348 | X20: =SUM(V20*H20) -> 24.626974 | Y20: =U20*L20 -> 2.0653152 | Z20: =Z17/2000 -> 255.17037 | AA20: =SUM(W4:W174) -> 131.3115
A21: A136 | C21: 920 | D21: 0.7 | E21: 14.44 | F21: 12.53 | G21: 8.5 | H21: 73.5 | I21: =(H21/C21) -> 0.079891304 | J21: 1.4S | K21: 0012 | L21: 0.0067 | M21: 43.31 | N21: 50.12 | O21: 38 | P21: 3603 | Q21: 48 | S21: =IF($S$1="ASSAULT RATE",SUMIF('Loads + CPFs by TAMCN'!$C$8:$C$1000,'Ammo Pallet Calculator'!A21,'Loads + CPFs by TAMCN'!$L$8:$L$1000),0) -> 0 | T21: =IF($S$1="SUSTAIN RATE",SUMIF('Loads + CPFs by TAMCN'!$C$8:$C$1000,'Ammo Pallet Calculator'!A21,'Loads + CPFs by TAMCN'!$M$8:$M$1000),0) -> 0 | U21: =SUM(S21:T21) -> 0 | V21: =SUM(U21/C21) -> 0 | W21: =(V21/Q21) -> 0 | X21: =SUM(V21*H21) -> 0 | Y21: =U21*L21 -> 0
A22: A986 | C22: 42 | E22: 44.81 | F22: 40.75 | G22: 33.62 | H22: 2465 | I22: =(H22/C22) -> 58.690476 | J22: 1.2C | K22: 0328 | L22: 0.2141 | M22: 44.81 | N22: 40.75 | O22: 33.62 | P22: 2465 | Q22: 42 | S22: =IF($S$1="ASSAULT RATE",SUMIF('Loads + CPFs by TAMCN'!$C$8:$C$1000,'Ammo Pallet Calculator'!A22,'Loads + CPFs by TAMCN'!$L$8:$L$1000),0) -> 152.992 | T22: =IF($S$1="SUSTAIN RATE",SUMIF('Loads + CPFs by TAMCN'!$C$8:$C$1000,'Ammo Pallet Calculator'!A22,'Loads + CPFs by TAMCN'!$M$8:$M$1000),0) -> 0 | U22: =SUM(S22:T22) -> 152.992 | V22: =SUM(U22/C22) -> 3.6426667 | W22: =(V22/Q22) -> 0.086730159 | X22: =SUM(V22*H22) -> 8979.1733 | Y22: =U22*L22 -> 32.755587
A23: AA29 | C23: 320 | D23: 3.75 | E23: 14.44 | F23: 12.53 | G23: 8.12 | H23: 55.5 | I23: =(H23/C23) -> 0.1734375 | J23: 1.4S | K23: 0012 | L23: 0.00061 | M23: 43.31 | N23: 50.12 | O23: 38 | P23: 2739 | Q23: 48 | S23: =IF($S$1="ASSAULT RATE",SUMIF('Loads + CPFs by TAMCN'!$C$8:$C$1000,'Ammo Pallet Calculator'!A23,'Loads + CPFs by TAMCN'!$L$8:$L$1000),0) -> 0 | T23: =IF($S$1="SUSTAIN RATE",SUMIF('Loads + CPFs by TAMCN'!$C$8:$C$1000,'Ammo Pallet Calculator'!A23,'Loads + CPFs by TAMCN'!$M$8:$M$1000),0) -> 0 | U23: =SUM(S23:T23) -> 0 | V23: =SUM(U23/C23) -> 0 | W23: =(V23/Q23) -> 0 | X23: =SUM(V23*H23) -> 0 | Y23: =U23*L23 -> 0
A24: AA03 | C24: 960 | E24: 17.38 | F24: 11.5 | G24: 8.12 | H24: 79.8 | I24: =(H24/C24) -> 0.083125 | J24: 1.4C | K24: 0339 | L24: 0.006449 | M24: 46 | N24: 35 | O24: 46.13 | P24: 3033 | Q24: 40 | S24: =IF($S$1="ASSAULT RATE",SUMIF('Loads + CPFs by TAMCN'!$C$8:$C$1000,'Ammo Pallet Calculator'!A24,'Loads + CPFs by TAMCN'!$L$8:$L$1000),0) -> 1116.288 | T24: =IF($S$1="SUSTAIN RATE",SUMIF('Loads + CPFs by TAMCN'!$C$8:$C$1000,'Ammo Pallet Calculator'!A24,'Loads + CPFs by TAMCN'!$M$8:$M$1000),0) -> 0 | U24: =SUM(S24:T24) -> 1116.288 | V24: =SUM(U24/C24) -> 1.1628 | W24: =(V24/Q24) -> 0.02907 | X24: =SUM(V24*H24) -> 92.79144 | Y24: =U24*L24 -> 7.1989413
A25: AA04 | C25: 800 | E25: 17.8 | F25: 11.5 | G25: 8.12 | H25: 79.66 | I25: =(H25/C25) -> 0.099575 | J25: 1.4C | K25: 0339 | L25: 0.007874 | M25: 46 | N25: 35 | O25: 46.13 | P25: 3113 | Q25: 40 | S25: =IF($S$1="ASSAULT RATE",SUMIF('Loads + CPFs by TAMCN'!$C$8:$C$1000,'Ammo Pallet Calculator'!A25,'Loads + CPFs by TAMCN'!$L$8:$L$1000),0) -> 9966.01 | T25: =IF($S$1="SUSTAIN RATE",SUMIF('Loads + CPFs by TAMCN'!$C$8:$C$1000,'Ammo Pallet Calculator'!A25,'Loads + CPFs by TAMCN'!$M$8:$M$1000),0) -> 0 | U25: =SUM(S25:T25) -> 9966.01 | V25: =SUM(U25/C25) -> 12.457512 | W25: =(V25/Q25) -> 0.31143781 | X25: =SUM(V25*H25) -> 992.36545 | Y25: =U25*L25 -> 78.472363
A26: AA30 | C26: 320 | D26: 3.47 | E26: 14.5 | F26: 12.75 | G26: 8.38 | H26: 29.9 | I26: =(H26/C26) -> 0.0934375 | J26: 1.4S | K26: 0014 | L26: 0.00226 | M26: 43.31 | N26: 50.12 | O26: 38 | P26: 1510 | Q26: 48 | S26: =IF($S$1="ASSAULT RATE",SUMIF('Loads + CPFs by TAMCN'!$C$8:$C$1000,'Ammo Pallet Calculator'!A26,'Loads + CPFs by TAMCN'!$L$8:$L$1000),0) -> 0 | T26: =IF($S$1="SUSTAIN RATE",SUMIF('Loads + CPFs by TAMCN'!$C$8:$C$1000,'Ammo Pallet Calculator'!A26,'Loads + CPFs by TAMCN'!$M$8:$M$1000),0) -> 0 | U26: =SUM(S26:T26) -> 0 | V26: =SUM(U26/C26) -> 0 | W26: =(V26/Q26) -> 0 | X26: =SUM(V26*H26) -> 0 | Y26: =U26*L26 -> 0
A27: AA31 | C27: 320 | D27: 4.16 | E27: 14.5 | F27: 12.75 | G27: 8.38 | H27: 26.7 | I27: =(H27/C27) -> 0.0834375 | J27: 1.4S | K27: 0012 | L27: 0.00082 | M27: 43.31 | N27: 50.12 | O27: 38 | P27: 1357 | Q27: 48 | S27: =IF($S$1="ASSAULT RATE",SUMIF('Loads + CPFs by TAMCN'!$C$8:$C$1000,'Ammo Pallet Calculator'!A27,'Loads + CPFs by TAMCN'!$L$8:$L$1000),0) -> 0 | T27: =IF($S$1="SUSTAIN RATE",SUMIF('Loads + CPFs by TAMCN'!$C$8:$C$1000,'Ammo Pallet Calculator'!A27,'Loads + CPFs by TAMCN'!$M$8:$M$1000),0) -> 0 | U27: =SUM(S27:T27) -> 0 | V27: =SUM(U27/C27) -> 0 | W27: =(V27/Q27) -> 0 | X27: =SUM(V27*H27) -> 0 | Y27: =U27*L27 -> 0
A28: AA53 | C28: 500 | E28: 22.25 | F28: 9.25 | G28: 8.31 | H28: 16.2 | I28: =(H28/C28) -> 0.0324 | J28: 1.4S | K28: 0012 | L28: 0.00362 | M28: 46 | N28: 35 | O28: 46.13 | P28: 3033 | Q28: 40 | S28: =IF($S$1="ASSAULT RATE",SUMIF('Loads + CPFs by TAMCN'!$C$8:$C$1000,'Ammo Pallet Calculator'!A28,'Loads + CPFs by TAMCN'!$L$8:$L$1000),0) -> 1291.758 | T28: =IF($S$1="SUSTAIN RATE",SUMIF('Loads + CPFs by TAMCN'!$C$8:$C$1000,'Ammo Pallet Calculator'!A28,'Loads + CPFs by TAMCN'!$M$8:$M$1000),0) -> 0 | U28: =SUM(S28:T28) -> 1291.758 | V28: =SUM(U28/C28) -> 2.583516 | W28: =(V28/Q28) -> 0.0645879 | X28: =SUM(V28*H28) -> 41.852959 | Y28: =U28*L28 -> 4.676164
A29: AA54 | C29: 320 | E29: 14.44 | F29: 12.53 | G29: 10.25 | H29: 53 | I29: =(H29/C29) -> 0.165625 | J29: 1.4S | K29: 0012 | L29: 0.00341 | M29: 51 | N29: 43.5 | O29: 39 | P29: 2730 | Q29: 48 | S29: =IF($S$1="ASSAULT RATE",SUMIF('Loads + CPFs by TAMCN'!$C$8:$C$1000,'Ammo Pallet Calculator'!A29,'Loads + CPFs by TAMCN'!$L$8:$L$1000),0) -> 570 | T29: =IF($S$1="SUSTAIN RATE",SUMIF('Loads + CPFs by TAMCN'!$C$8:$C$1000,'Ammo Pallet Calculator'!A29,'Loads + CPFs by TAMCN'!$M$8:$M$1000),0) -> 0 | U29: =SUM(S29:T29) -> 570 | V29: =SUM(U29/C29) -> 1.78125 | W29: =(V29/Q29) -> 0.037109375 | X29: =SUM(V29*H29) -> 94.40625 | Y29: =U29*L29 -> 1.9437
A30: AA60 | C30: 240 | E30: 14.44 | F30: 12.53 | G30: 8.13 | H30: 56.94 | I30: =(H30/C30) -> 0.23725 | J30: 1.4S | K30: 0012 | L30: 0.00527 | M30: 51 | N30: 43.5 | O30: 39 | P30: 2834 | Q30: 48 | S30: =IF($S$1="ASSAULT RATE",SUMIF('Loads + CPFs by TAMCN'!$C$8:$C$1000,'Ammo Pallet Calculator'!A30,'Loads + CPFs by TAMCN'!$L$8:$L$1000),0) -> 334.89 | T30: =IF($S$1="SUSTAIN RATE",SUMIF('Loads + CPFs by TAMCN'!$C$8:$C$1000,'Ammo Pallet Calculator'!A30,'Loads + CPFs by TAMCN'!$M$8:$M$1000),0) -> 0 | U30: =SUM(S30:T30) -> 334.89 | V30: =SUM(U30/C30) -> 1.395375 | W30: =(V30/Q30) -> 0.029070313 | X30: =SUM(V30*H30) -> 79.452652 | Y30: =U30*L30 -> 1.7648703
A31: AX14 | C31: 6000 | D31: 0.01 | E31: 14.44 | F31: 12.53 | G31: 8.12 | H31: 39.14 | I31: =(H31/C31) -> 0.0065233333 | J31: 1.4S | K31: 0044 | L31: 0.000126 | M31: 43.31 | N31: 50.12 | O31: 38 | P31: 2936 | Q31: 48 | S31: =IF($S$1="ASSAULT RATE",SUMIF('Loads + CPFs by TAMCN'!$C$8:$C$1000,'Ammo Pallet Calculator'!A31,'Loads + CPFs by TAMCN'!$L$8:$L$1000),0) -> 0 | T31: =IF($S$1="SUSTAIN RATE",SUMIF('Loads + CPFs by TAMCN'!$C$8:$C$1000,'Ammo Pallet Calculator'!A31,'Loads + CPFs by TAMCN'!$M$8:$M$1000),0) -> 0 | U31: =SUM(S31:T31) -> 0 | V31: =SUM(U31/C31) -> 0 | W31: =(V31/Q31) -> 0 | X31: =SUM(V31*H31) -> 0 | Y31: =U31*L31 -> 0
A32: B504 | C32: 44 | D32: 20.76 | E32: 14.62 | F32: 13.18 | G32: 8.56 | H32: 45.9 | I32: =(H32/C32) -> 1.0431818 | J32: 1.4G | K32: 0312 | L32: 0.18782 | M32: 43.88 | N32: 52.75 | O32: 39.75 | P32: 2296 | Q32: 48 | S32: =IF($S$1="ASSAULT RATE",SUMIF('Loads + CPFs by TAMCN'!$C$8:$C$1000,'Ammo Pallet Calculator'!A32,'Loads + CPFs by TAMCN'!$L$8:$L$1000),0) -> 10.332 | T32: =IF($S$1="SUSTAIN RATE",SUMIF('Loads + CPFs by TAMCN'!$C$8:$C$1000,'Ammo Pallet Calculator'!A32,'Loads + CPFs by TAMCN'!$M$8:$M$1000),0) -> 0 | U32: =SUM(S32:T32) -> 10.332 | V32: =SUM(U32/C32) -> 0.23481818 | W32: =(V32/Q32) -> 0.0048920455 | X32: =SUM(V32*H32) -> 10.778155 | Y32: =U32*L32 -> 1.9405562
A33: B505 | C33: 44 | D33: 20.78 | E33: 14.62 | F33: 13.18 | G33: 8.56 | H33: 45.9 | I33: =(H33/C33) -> 1.0431818 | J33: 1.4G | K33: 0312 | L33: 0.00247 | M33: 43.88 | N33: 52.75 | O33: 39.75 | P33: 2296 | Q33: 48 | S33: =IF($S$1="ASSAULT RATE",SUMIF('Loads + CPFs by TAMCN'!$C$8:$C$1000,'Ammo Pallet Calculator'!A33,'Loads + CPFs by TAMCN'!$L$8:$L$1000),0) -> 10.332 | T33: =IF($S$1="SUSTAIN RATE",SUMIF('Loads + CPFs by TAMCN'!$C$8:$C$1000,'Ammo Pallet Calculator'!A33,'Loads + CPFs by TAMCN'!$M$8:$M$1000),0) -> 0 | U33: =SUM(S33:T33) -> 10.332 | V33: =SUM(U33/C33) -> 0.23481818 | W33: =(V33/Q33) -> 0.0048920455 | X33: =SUM(V33*H33) -> 10.778155 | Y33: =U33*L33 -> 0.02552004
A34: B506 | C34: 44 | D34: 17.9 | E34: 14.62 | F34: 13.18 | G34: 8.56 | H34: 45.9 | I34: =(H34/C34) -> 1.0431818 | J34: 1.4G | K34: 0197 | L34: 0.17215 | M34: 43.88 | N34: 52.75 | O34: 39.75 | P34: 2296 | Q34: 48 | S34: =IF($S$1="ASSAULT RATE",SUMIF('Loads + CPFs by TAMCN'!$C$8:$C$1000,'Ammo Pallet Calculator'!A34,'Loads + CPFs by TAMCN'!$L$8:$L$1000),0) -> 0 | T34: =IF($S$1="SUSTAIN RATE",SUMIF('Loads + CPFs by TAMCN'!$C$8:$C$1000,'Ammo Pallet Calculator'!A34,'Loads + CPFs by TAMCN'!$M$8:$M$1000),0) -> 0 | U34: =SUM(S34:T34) -> 0 | V34: =SUM(U34/C34) -> 0 | W34: =(V34/Q34) -> 0 | X34: =SUM(V34*H34) -> 0 | Y34: =U34*L34 -> 0
A35: B508 | C35: 44 | D35: 17.48 | E35: 14.62 | F35: 13.18 | G35: 8.56 | H35: 45.9 | I35: =(H35/C35) -> 1.0431818 | J35: 1.4G | K35: 0197 | L35: 0.17215 | M35: 43.88 | N35: 52.75 | O35: 39.75 | P35: 2296 | Q35: 48 | S35: =IF($S$1="ASSAULT RATE",SUMIF('Loads + CPFs by TAMCN'!$C$8:$C$1000,'Ammo Pallet Calculator'!A35,'Loads + CPFs by TAMCN'!$L$8:$L$1000),0) -> 10.332 | T35: =IF($S$1="SUSTAIN RATE",SUMIF('Loads + CPFs by TAMCN'!$C$8:$C$1000,'Ammo Pallet Calculator'!A35,'Loads + CPFs by TAMCN'!$M$8:$M$1000),0) -> 0 | U35: =SUM(S35:T35) -> 10.332 | V35: =SUM(U35/C35) -> 0.23481818 | W35: =(V35/Q35) -> 0.0048920455 | X35: =SUM(V35*H35) -> 10.778155 | Y35: =U35*L35 -> 1.7786538
A36: B509 | C36: 44 | D36: 17.93 | E36: 14.62 | F36: 13.18 | G36: 8.56 | H36: 45.9 | I36: =(H36/C36) -> 1.0431818 | J36: 1.4G | K36: 0197 | L36: 0.17215 | M36: 43.88 | N36: 52.75 | O36: 39.75 | P36: 2296 | Q36: 48 | S36: =IF($S$1="ASSAULT RATE",SUMIF('Loads + CPFs by TAMCN'!$C$8:$C$1000,'Ammo Pallet Calculator'!A36,'Loads + CPFs by TAMCN'!$L$8:$L$1000),0) -> 10.332 | T36: =IF($S$1="SUSTAIN RATE",SUMIF('Loads + CPFs by TAMCN'!$C$8:$C$1000,'Ammo Pallet Calculator'!A36,'Loads + CPFs by TAMCN'!$M$8:$M$1000),0) -> 0 | U36: =SUM(S36:T36) -> 10.332 | V36: =SUM(U36/C36) -> 0.23481818 | W36: =(V36/Q36) -> 0.0048920455 | X36: =SUM(V36*H36) -> 10.778155 | Y36: =U36*L36 -> 1.7786538
A37: B535 | C37: 44 | D37: 50.44 | E37: 14.62 | F37: 13.18 | G37: 8.56 | H37: 45.9 | I37: =(H37/C37) -> 1.0431818 | J37: 1.4G | K37: 0312 | L37: 0.208 | M37: 43.88 | N37: 52.75 | O37: 39.75 | P37: 2296 | Q37: 48 | S37: =IF($S$1="ASSAULT RATE",SUMIF('Loads + CPFs by TAMCN'!$C$8:$C$1000,'Ammo Pallet Calculator'!A37,'Loads + CPFs by TAMCN'!$L$8:$L$1000),0) -> 11.07 | T37: =IF($S$1="SUSTAIN RATE",SUMIF('Loads + CPFs by TAMCN'!$C$8:$C$1000,'Ammo Pallet Calculator'!A37,'Loads + CPFs by TAMCN'!$M$8:$M$1000),0) -> 0 | U37: =SUM(S37:T37) -> 11.07 | V37: =SUM(U37/C37) -> 0.25159091 | W37: =(V37/Q37) -> 0.0052414773 | X37: =SUM(V37*H37) -> 11.548023 | Y37: =U37*L37 -> 2.30256
A38: B542 | C38: 32 | D38: 11.41 | E38: 18.75 | F38: 6.38 | G38: 10.38 | H38: 42 | I38: =(H38/C38) -> 1.3125 | J38: 1.1E | K38: 0006 | L38: 0.09414 | M38: 51 | N38: 40 | O38: 36.12 | P38: 2291 | Q38: 48 | S38: =IF($S$1="ASSAULT RATE",SUMIF('Loads + CPFs by TAMCN'!$C$8:$C$1000,'Ammo Pallet Calculator'!A38,'Loads + CPFs by TAMCN'!$L$8:$L$1000),0) -> 12638.088 | T38: =IF($S$1="SUSTAIN RATE",SUMIF('Loads + CPFs by TAMCN'!$C$8:$C$1000,'Ammo Pallet Calculator'!A38,'Loads + CPFs by TAMCN'!$M$8:$M$1000),0) -> 0 | U38: =SUM(S38:T38) -> 12638.088 | V38: =SUM(U38/C38) -> 394.94025 | W38: =(V38/Q38) -> 8.2279219 | X38: =SUM(V38*H38) -> 16587.49 | Y38: =U38*L38 -> 1189.7496
A39: B546 | C39: 72 | D39: 15.44 | E39: 15.88 | F39: 13.88 | G39: 10 | H39: 53 | I39: =(H39/C39) -> 0.73611111 | J39: 1.1E | K39: 0006 | L39: 0.101715 | M39: 40.12 | N39: 48 | O39: 35.5 | P39: 1531 | Q39: 27 | S39: =IF($S$1="ASSAULT RATE",SUMIF('Loads + CPFs by TAMCN'!$C$8:$C$1000,'Ammo Pallet Calculator'!A39,'Loads + CPFs by TAMCN'!$L$8:$L$1000),0) -> 318.078 | T39: =IF($S$1="SUSTAIN RATE",SUMIF('Loads + CPFs by TAMCN'!$C$8:$C$1000,'Ammo Pallet Calculator'!A39,'Loads + CPFs by TAMCN'!$M$8:$M$1000),0) -> 0 | U39: =SUM(S39:T39) -> 318.078 | V39: =SUM(U39/C39) -> 4.41775 | W39: =(V39/Q39) -> 0.16362037 | X39: =SUM(V39*H39) -> 234.14075 | Y39: =U39*L39 -> 32.353304
A40: B567 | C40: 24 | D40: 50.59 | E40: 15.25 | F40: 11.62 | G40: 6.62 | H40: 26 | I40: =(H40/C40) -> 1.0833333 | J40: 1.4C | K40: 0301 | L40: 0.125 | M40: 37.88 | N40: 49 | O40: 45.25 | P40: 1506 | Q40: 54 | S40: =IF($S$1="ASSAULT RATE",SUMIF('Loads + CPFs by TAMCN'!$C$8:$C$1000,'Ammo Pallet Calculator'!A40,'Loads + CPFs by TAMCN'!$L$8:$L$1000),0) -> 8.172 | T40: =IF($S$1="SUSTAIN RATE",SUMIF('Loads + CPFs by TAMCN'!$C$8:$C$1000,'Ammo Pallet Calculator'!A40,'Loads + CPFs by TAMCN'!$M$8:$M$1000),0) -> 0 | U40: =SUM(S40:T40) -> 8.172 | V40: =SUM(U40/C40) -> 0.3405 | W40: =(V40/Q40) -> 0.0063055556 | X40: =SUM(V40*H40) -> 8.853 | Y40: =U40*L40 -> 1.0215
A41: B642 | C41: 16 | D41: 188.32 | E41: 14.94 | F41: 13.18 | G41: 17.81 | H41: 112 | I41: =(H41/C41) -> 7 | J41: 1.2E(02) | K41: 0321 | L41: 0.8869 | M41: 44.81 | N41: 53.38 | O41: 45.06 | P41: 3127 | Q41: 27 | S41: =IF($S$1="ASSAULT RATE",SUMIF('Loads + CPFs by TAMCN'!$C$8:$C$1000,'Ammo Pallet Calculator'!A41,'Loads + CPFs by TAMCN'!$L$8:$L$1000),0) -> 0 | T41: =IF($S$1="SUSTAIN RATE",SUMIF('Loads + CPFs by TAMCN'!$C$8:$C$1000,'Ammo Pallet Calculator'!A41,'Loads + CPFs by TAMCN'!$M$8:$M$1000),0) -> 0 | U41: =SUM(S41:T41) -> 0 | V41: =SUM(U41/C41) -> 0 | W41: =(V41/Q41) -> 0 | X41: =SUM(V41*H41) -> 0 | Y41: =U41*L41 -> 0
A42: B643 | C42: 16 | D42: 111.58 | E42: 14.94 | F42: 13.18 | G42: 17.81 | H42: 112 | I42: =(H42/C42) -> 7 | J42: 1.2E(02) | K42: 0321 | L42: 0.9004 | M42: 44.81 | N42: 53.38 | O42: 45.06 | P42: 3127 | Q42: 27 | S42: =IF($S$1="ASSAULT RATE",SUMIF('Loads + CPFs by TAMCN'!$C$8:$C$1000,'Ammo Pallet Calculator'!A42,'Loads + CPFs by TAMCN'!$L$8:$L$1000),0) -> 241.632 | T42: =IF($S$1="SUSTAIN RATE",SUMIF('Loads + CPFs by TAMCN'!$C$8:$C$1000,'Ammo Pallet Calculator'!A42,'Loads + CPFs by TAMCN'!$M$8:$M$1000),0) -> 0 | U42: =SUM(S42:T42) -> 241.632 | V42: =SUM(U42/C42) -> 15.102 | W42: =(V42/Q42) -> 0.55933333 | X42: =SUM(V42*H42) -> 1691.424 | Y42: =U42*L42 -> 217.56545
... A47: BA09 | C47: 44 | D47: 13.6 | E47: 14.5 | F47: 12.75 | G47: 8.38 | H47: 38 | I47: =(H47/C47) -> 0.86363636 | J47: 1.4C | K47: 0339 | L47: 0.00531 | M47: 43.88 | N47: 52.75 | O47: 39.75 | P47: 1899 | Q47: 48 | S47: =IF($S$1="ASSAULT RATE",SUMIF('Loads + CPFs by TAMCN'!$C$8:$C$1000,'Ammo Pallet Calculator'!A47,'Loads + CPFs by TAMCN'!$L$8:$L$1000),0) -> 0 | T47: =IF($S$1="SUSTAIN RATE",SUMIF('Loads + CPFs by TAMCN'!$C$8:$C$1000,'Ammo Pallet Calculator'!A47,'Loads + CPFs by TAMCN'!$M$8:$M$1000),0) -> 0 | U47: =SUM(S47:T47) -> 0 | V47: =SUM(U47/C47) -> 0 | W47: =(V47/Q47) -> 0 | X47: =SUM(V47*H47) -> 0 | Y47: =U47*L47 -> 0
A48: BA14 | C48: 16 | E48: 14.94 | F48: 13.18 | G48: 17.81 | H48: 112 | I48: =(H48/C48) -> 7 | J48: 1.2.2H | K48: 0245 | L48: 0.10625 | M48: 48 | N48: 40 | O48: 41 | P48: 2132 | Q48: 18 | S48: =IF($S$1="ASSAULT RATE",SUMIF('Loads + CPFs by TAMCN'!$C$8:$C$1000,'Ammo Pallet Calculator'!A48,'Loads + CPFs by TAMCN'!$L$8:$L$1000),0) -> 41.832 | T48: =IF($S$1="SUSTAIN RATE",SUMIF('Loads + CPFs by TAMCN'!$C$8:$C$1000,'Ammo Pallet Calculator'!A48,'Loads + CPFs by TAMCN'!$M$8:$M$1000),0) -> 0 | U48: =SUM(S48:T48) -> 41.832 | V48: =SUM(U48/C48) -> 2.6145 | W48: =(V48/Q48) -> 0.14525 | X48: =SUM(V48*H48) -> 292.824 | Y48: =U48*L48 -> 4.44465
A49: BA16 | C49: 16 | E49: 14.94 | F49: 13.19 | G49: 20.19 | H49: 22 | I49: =(H49/C49) -> 1.375 | J49: 1.2E | K49: 0321 | L49: 0.882786 | M49: 48 | N49: 40 | O49: 41 | P49: 2168 | Q49: 18 | S49: =IF($S$1="ASSAULT RATE",SUMIF('Loads + CPFs by TAMCN'!$C$8:$C$1000,'Ammo Pallet Calculator'!A49,'Loads + CPFs by TAMCN'!$L$8:$L$1000),0) -> 213.228 | T49: =IF($S$1="SUSTAIN RATE",SUMIF('Loads + CPFs by TAMCN'!$C$8:$C$1000,'Ammo Pallet Calculator'!A49,'Loads + CPFs by TAMCN'!$M$8:$M$1000),0) -> 0 | U49: =SUM(S49:T49) -> 213.228 | V49: =SUM(U49/C49) -> 13.32675 | W49: =(V49/Q49) -> 0.740375 | X49: =SUM(V49*H49) -> 293.1885 | Y49: =U49*L49 -> 188.23469
A50: C380 | C50: 1 | D50: 2230.62 | E50: 44.5 | F50: 7.75 | G50: 7.75 | H50: 75.4 | I50: =(H50/C50) -> 75.4 | J50: 1.2C(01) | K50: 0328 | L50: 19.08 | M50: 40 | N50: 44.5 | O50: 44.25 | P50: 1779 | Q50: 25 | S50: =IF($S$1="ASSAULT RATE",SUMIF('Loads + CPFs by TAMCN'!$C$8:$C$1000,'Ammo Pallet Calculator'!A50,'Loads + CPFs by TAMCN'!$L$8:$L$1000),0) -> 0 | T50: =IF($S$1="SUSTAIN RATE",SUMIF('Loads + CPFs by TAMCN'!$C$8:$C$1000,'Ammo Pallet Calculator'!A50,'Loads + CPFs by TAMCN'!$M$8:$M$1000),0) -> 0 | U50: =SUM(S50:T50) -> 0 | V50: =SUM(U50/C50) -> 0 | W50: =(V50/Q50) -> 0 | X50: =SUM(V50*H50) -> 0 | Y50: =U50*L50 -> 0
A51: C484 | C51: 3 | D51: 577.02 | E51: 14.34 | F51: 5.7 | G51: 29.06 | H51: 55.3 | I51: =(H51/C51) -> 18.433333 | J51: BLANK | K51: 0000 | L51: 0 | M51: 40 | N51: 49.03 | O51: 34.56 | P51: 1374 | Q51: 21 | S51: =IF($S$1="ASSAULT RATE",SUMIF('Loads + CPFs by TAMCN'!$C$8:$C$1000,'Ammo Pallet Calculator'!A51,'Loads + CPFs by TAMCN'!$L$8:$L$1000),0) -> 52.72 | T51: =IF($S$1="SUSTAIN RATE",SUMIF('Loads + CPFs by TAMCN'!$C$8:$C$1000,'Ammo Pallet Calculator'!A51,'Loads + CPFs by TAMCN'!$M$8:$M$1000),0) -> 0 | U51: =SUM(S51:T51) -> 52.72 | V51: =SUM(U51/C51) -> 17.573333 | W51: =(V51/Q51) -> 0.8368254 | X51: =SUM(V51*H51) -> 971.80533 | Y51: =U51*L51 -> 0
A52: C791 | C52: 1 | D52: 3851.93 | E52: 44.5 | F52: 7.75 | G52: 7.75 | H52: 75.4 | I52: =(H52/C52) -> 75.4 | J52: 1.2E(01) | K52: 0321 | L52: 20.190001 | M52: 40 | N52: 44.5 | O52: 51.5 | P52: 2480 | Q52: 30 | S52: =IF($S$1="ASSAULT RATE",SUMIF('Loads + CPFs by TAMCN'!$C$8:$C$1000,'Ammo Pallet Calculator'!A52,'Loads + CPFs by TAMCN'!$L$8:$L$1000),0) -> 73.08 | T52: =IF($S$1="SUSTAIN RATE",SUMIF('Loads + CPFs by TAMCN'!$C$8:$C$1000,'Ammo Pallet Calculator'!A52,'Loads + CPFs by TAMCN'!$M$8:$M$1000),0) -> 0 | U52: =SUM(S52:T52) -> 73.08 | V52: 0 | W52: =U52/Q52 -> 2.436 | X52: =(U52/C52)*H52 -> 5510.232 | Y52: =U52*L52 -> 1475.4853
A53: C868 | C53: 3 | D53: 246.81 | E53: 14.34 | F53: 5.7 | G53: 22.82 | H53: 52 | I53: =(H53/C53) -> 17.333333 | J53: 1.1E | K53: 0006 | L53: 2.342 | M53: 40 | N53: 49.03 | O53: 28.5 | P53: 1299 | Q53: 21 | S53: =IF($S$1="ASSAULT RATE",SUMIF('Loads + CPFs by TAMCN'!$C$8:$C$1000,'Ammo Pallet Calculator'!A53,'Loads + CPFs by TAMCN'!$L$8:$L$1000),0) -> 357.962 | T53: =IF($S$1="SUSTAIN RATE",SUMIF('Loads + CPFs by TAMCN'!$C$8:$C$1000,'Ammo Pallet Calculator'!A53,'Loads + CPFs by TAMCN'!$M$8:$M$1000),0) -> 0 | U53: =SUM(S53:T53) -> 357.962 | V53: 0 | W53: =U53/Q53 -> 17.04581 | X53: =(U53/C53)*H53 -> 6204.6747 | Y53: =U53*L53 -> 838.347
A54: C869 | C54: 3 | D54: 260.68 | E54: 14.34 | F54: 5.7 | G54: 23 | H54: 52 | I54: =(H54/C54) -> 17.333333 | J54: 1.1E | K54: 0006 | L54: 2.3536 | M54: 40 | N54: 49.03 | O54: 28.5 | P54: 1194 | Q54: 21 | S54: =IF($S$1="ASSAULT RATE",SUMIF('Loads + CPFs by TAMCN'!$C$8:$C$1000,'Ammo Pallet Calculator'!A54,'Loads + CPFs by TAMCN'!$L$8:$L$1000),0) -> 312.75 | T54: =IF($S$1="SUSTAIN RATE",SUMIF('Loads + CPFs by TAMCN'!$C$8:$C$1000,'Ammo Pallet Calculator'!A54,'Loads + CPFs by TAMCN'!$M$8:$M$1000),0) -> 0 | U54: =SUM(S54:T54) -> 312.75 | V54: 0 | W54: =U54/Q54 -> 14.892857 | X54: =(U54/C54)*H54 -> 5421 | Y54: =U54*L54 -> 736.0884
A55: C870 | C55: 3 | D55: 354.09 | E55: 14.34 | F55: 5.7 | G55: 29.06 | H55: 59.6 | I55: =(H55/C55) -> 19.866667 | J55: 1.3G | K55: 0016 | L55: 2.97956 | M55: 40 | N55: 49.03 | O55: 34.56 | P55: 1417 | Q55: 21 | S55: =IF($S$1="ASSAULT RATE",SUMIF('Loads + CPFs by TAMCN'!$C$8:$C$1000,'Ammo Pallet Calculator'!A55,'Loads + CPFs by TAMCN'!$L$8:$L$1000),0) -> 170.366 | T55: =IF($S$1="SUSTAIN RATE",SUMIF('Loads + CPFs by TAMCN'!$C$8:$C$1000,'Ammo Pallet Calculator'!A55,'Loads + CPFs by TAMCN'!$M$8:$M$1000),0) -> 0 | U55: =SUM(S55:T55) -> 170.366 | V55: =SUM(U55/C55) -> 56.788667 | W55: =(V55/Q55) -> 2.7042222 | X55: =SUM(U55*H55) -> 10153.814 | Y55: =U55*L55 -> 507.61572
A56: C871 | C56: 3 | D56: 419.58 | E56: 14.34 | F56: 5.7 | G56: 29.06 | H56: 53.9 | I56: =(H56/C56) -> 17.966667 | J56: 1.3G | K56: 0254 | L56: 1.8679 | M56: 40 | N56: 49.03 | O56: 34.56 | P56: 1291 | Q56: 21 | S56: =IF($S$1="ASSAULT RATE",SUMIF('Loads + CPFs by TAMCN'!$C$8:$C$1000,'Ammo Pallet Calculator'!A56,'Loads + CPFs by TAMCN'!$L$8:$L$1000),0) -> 113.626 | T56: =IF($S$1="SUSTAIN RATE",SUMIF('Loads + CPFs by TAMCN'!$C$8:$C$1000,'Ammo Pallet Calculator'!A56,'Loads + CPFs by TAMCN'!$M$8:$M$1000),0) -> 0 | U56: =SUM(S56:T56) -> 113.626 | V56: 0 | W56: =U56/Q56 -> 5.4107619 | X56: =(U56/C56)*H56 -> 2041.4805 | Y56: =U56*L56 -> 212.24201
A57: C995 | C57: 5 | D57: 1074.61 | E57: 46.5 | F57: 36.25 | G57: 10.16 | H57: 150 | I57: =(H57/C57) -> 30 | J57: 1.1E | K57: 0181 | L57: 1.84 | M57: 36.25 | N57: 46.5 | O57: 46.12 | P57: 678 | Q57: 4 | S57: =IF($S$1="ASSAULT RATE",SUMIF('Loads + CPFs by TAMCN'!$C$8:$C$1000,'Ammo Pallet Calculator'!A57,'Loads + CPFs by TAMCN'!$L$8:$L$1000),0) -> 10.755 | T57: =IF($S$1="SUSTAIN RATE",SUMIF('Loads + CPFs by TAMCN'!$C$8:$C$1000,'Ammo Pallet Calculator'!A57,'Loads + CPFs by TAMCN'!$M$8:$M$1000),0) -> 0 | U57: =SUM(S57:T57) -> 10.755 | V57: 0 | W57: =U57/Q57 -> 2.68875 | X57: =(U57/C57)*H57 -> 322.65 | Y57: =U57*L57 -> 19.7892
A58: CA26 (C380) | C58: 1 | E58: 44.5 | F58: 7.75 | G58: 7.75 | H58: 67.44 | I58: =(H58/C58) -> 67.44 | J58: 1.2C | K58: 0328 | L58: 19.08 | M58: 44.5 | N58: 39.5 | O58: 51.5 | P58: 2241 | Q58: 30 | S58: =IF($S$1="ASSAULT RATE",SUMIF('Loads + CPFs by TAMCN'!$C$8:$C$1000,'Ammo Pallet Calculator'!A58,'Loads + CPFs by TAMCN'!$L$8:$L$1000),0) -> 0 | T58: =IF($S$1="SUSTAIN RATE",SUMIF('Loads + CPFs by TAMCN'!$C$8:$C$1000,'Ammo Pallet Calculator'!A58,'Loads + CPFs by TAMCN'!$M$8:$M$1000),0) -> 0 | U58: =SUM(S58:T58) -> 0 | V58: 0 | W58: =U58/Q58 -> 0 | X58: =(U58/C58)*H58 -> 0 | Y58: =U58*L58 -> 0
A59: CA57 (C379) | C59: 2 | E59: 12.36 | F59: 6.36 | G59: 31.78 | H59: 97 | I59: =(H59/C59) -> 48.5 | J59: 1.1E | K59: 0006 | L59: 7.917748 | M59: 51 | N59: 41.63 | O59: 37.31 | P59: 2455 | Q59: 24 | S59: =IF($S$1="ASSAULT RATE",SUMIF('Loads + CPFs by TAMCN'!$C$8:$C$1000,'Ammo Pallet Calculator'!A59,'Loads + CPFs by TAMCN'!$L$8:$L$1000),0) -> 0 | T59: =IF($S$1="SUSTAIN RATE",SUMIF('Loads + CPFs by TAMCN'!$C$8:$C$1000,'Ammo Pallet Calculator'!A59,'Loads + CPFs by TAMCN'!$M$8:$M$1000),0) -> 0 | U59: =SUM(S59:T59) -> 0 | V59: 0 | W59: =U59/Q59 -> 0 | X59: =(U59/C59)*H59 -> 0 | Y59: =U59*L59 -> 0
A60: D003 | C60: 48 | D60: 10.64 | E60: 14.44 | F60: 12.53 | G60: 8.5 | H60: 27.3 | I60: =(H60/C60) -> 0.56875 | J60: 1.1D | K60: 0060 | L60: 0.103 | M60: 43.31 | N60: 50.12 | O60: 38 | P60: 1624 | Q60: 48 | S60: =IF($S$1="ASSAULT RATE",SUMIF('Loads + CPFs by TAMCN'!$C$8:$C$1000,'Ammo Pallet Calculator'!A60,'Loads + CPFs by TAMCN'!$L$8:$L$1000),0) -> 36.096 | T60: =IF($S$1="SUSTAIN RATE",SUMIF('Loads + CPFs by TAMCN'!$C$8:$C$1000,'Ammo Pallet Calculator'!A60,'Loads + CPFs by TAMCN'!$M$8:$M$1000),0) -> 0 | U60: =SUM(S60:T60) -> 36.096 | V60: 0 | W60: =U60/Q60 -> 0.752 | X60: =(U60/C60)*H60 -> 20.5296 | Y60: =U60*L60 -> 3.717888
A61: D501 | C61: 8 | D61: 4672.98 | E61: 14.62 | F61: 29.12 | G61: 38.75 | H61: 886 | I61: =(H61/C61) -> 110.75 | J61: 1.2D(01) | K61: 0169 | L61: 1.8885 | M61: 43.88 | N61: 29.12 | O61: 38.75 | P61: 2660 | Q61: 24 | S61: =IF($S$1="ASSAULT RATE",SUMIF('Loads + CPFs by TAMCN'!$C$8:$C$1000,'Ammo Pallet Calculator'!A61,'Loads + CPFs by TAMCN'!$L$8:$L$1000),0) -> 14.808 | T61: =IF($S$1="SUSTAIN RATE",SUMIF('Loads + CPFs by TAMCN'!$C$8:$C$1000,'Ammo Pallet Calculator'!A61,'Loads + CPFs by TAMCN'!$M$8:$M$1000),0) -> 0 | U61: =SUM(S61:T61) -> 14.808 | V61: 0 | W61: =U61/Q61 -> 0.617 | X61: =U61*H61 -> 13119.888 | Y61: =U61*L61 -> 27.964908
A62: D502 | C62: 8 | D62: 5442.81 | E62: 14.62 | F62: 29.12 | G62: 38.75 | H62: 886 | I62: =(H62/C62) -> 110.75 | J62: 1.2D(01) | K62: 0169 | L62: 1.8885 | M62: 43.88 | N62: 29.12 | O62: 38.75 | P62: 2670 | Q62: 24 | S62: =IF($S$1="ASSAULT RATE",SUMIF('Loads + CPFs by TAMCN'!$C$8:$C$1000,'Ammo Pallet Calculator'!A62,'Loads + CPFs by TAMCN'!$L$8:$L$1000),0) -> 70.08 | T62: =IF($S$1="SUSTAIN RATE",SUMIF('Loads + CPFs by TAMCN'!$C$8:$C$1000,'Ammo Pallet Calculator'!A62,'Loads + CPFs by TAMCN'!$M$8:$M$1000),0) -> 0 | U62: =SUM(S62:T62) -> 70.08 | V62: 0 | W62: =U62/Q62 -> 2.92 | X62: =U62*H62 -> 62090.88 | Y62: =U62*L62 -> 132.34608
A63: D505 | C63: 8 | D63: 313.74 | E63: 13.62 | F63: 27.12 | G63: 32 | H63: 782 | I63: =(H63/C63) -> 97.75 | J63: 1.3G | K63: 0254 | L63: 6.17532 | M63: 40.88 | N63: 27.12 | O63: 32 | P63: 2360 | Q63: 24 | S63: =IF($S$1="ASSAULT RATE",SUMIF('Loads + CPFs by TAMCN'!$C$8:$C$1000,'Ammo Pallet Calculator'!A63,'Loads + CPFs by TAMCN'!$L$8:$L$1000),0) -> 18.84 | T63: =IF($S$1="SUSTAIN RATE",SUMIF('Loads + CPFs by TAMCN'!$C$8:$C$1000,'Ammo Pallet Calculator'!A63,'Loads + CPFs by TAMCN'!$M$8:$M$1000),0) -> 0 | U63: =SUM(S63:T63) -> 18.84 | V63: 0 | W63: =(U63/C63)/Q63 -> 0.098125 | Y63: =U63*L63 -> 116.34303
A64: D510 | C64: 1 | D64: 36603 | E64: 61 | F64: 11 | G64: 11.38 | H64: 206 | I64: =(H64/C64) -> 206 | J64: 1.1D | K64: 0168 | L64: 14.759 | M64: 61 | N64: 33 | O64: 27.5 | P64: 1358 | Q64: 6 | S64: =IF($S$1="ASSAULT RATE",SUMIF('Loads + CPFs by TAMCN'!$C$8:$C$1000,'Ammo Pallet Calculator'!A64,'Loads + CPFs by TAMCN'!$L$8:$L$1000),0) -> 0 | T64: =IF($S$1="SUSTAIN RATE",SUMIF('Loads + CPFs by TAMCN'!$C$8:$C$1000,'Ammo Pallet Calculator'!A64,'Loads + CPFs by TAMCN'!$M$8:$M$1000),0) -> 0 | U64: =SUM(S64:T64) -> 0 | V64: 0 | W64: =U64/Q64 -> 0 | X64: =U64*H64 -> 0 | Y64: =U64*L64 -> 0
A65: D514 | C65: 8 | D65: 1342.44 | E65: 14.62 | F65: 29.12 | G65: 38.75 | H65: 882 | I65: =(H65/C65) -> 110.25 | J65: 1.1D | K65: 0168 | L65: 11.7423 | M65: 43.88 | N65: 29.12 | O65: 38.75 | P65: 2660 | Q65: 24 | S65: =IF($S$1="ASSAULT RATE",SUMIF('Loads + CPFs by TAMCN'!$C$8:$C$1000,'Ammo Pallet Calculator'!A65,'Loads + CPFs by TAMCN'!$L$8:$L$1000),0) -> 0 | T65: =IF($S$1="SUSTAIN RATE",SUMIF('Loads + CPFs by TAMCN'!$C$8:$C$1000,'Ammo Pallet Calculator'!A65,'Loads + CPFs by TAMCN'!$M$8:$M$1000),0) -> 0 | U65: =SUM(S65:T65) -> 0 | V65: 0 | W65: =U65/Q65 -> 0 | X65: =(U65/C65)*H65 -> 0 | Y65: =U65*L65 -> 0
A66: D503 | C66: 8 | D66: 1342.44 | E66: 14.62 | F66: 29.12 | G66: 38.75 | H66: 882 | I66: =(H66/C66) -> 110.25 | J66: 1.1D | K66: 0168 | L66: 11.7423 | M66: 43.88 | N66: 29.12 | O66: 38.75 | P66: 2660 | Q66: 24 | S66: =IF($S$1="ASSAULT RATE",SUMIF('Loads + CPFs by TAMCN'!$C$8:$C$1000,'Ammo Pallet Calculator'!A66,'Loads + CPFs by TAMCN'!$L$8:$L$1000),0) -> 37.032 | T66: =IF($S$1="SUSTAIN RATE",SUMIF('Loads + CPFs by TAMCN'!$C$8:$C$1000,'Ammo Pallet Calculator'!A66,'Loads + CPFs by TAMCN'!$M$8:$M$1000),0) -> 0 | U66: =SUM(S66:T66) -> 37.032 | V66: 0 | W66: =U66/Q66 -> 1.543 | X66: =(U66/C66)*H66 -> 4082.778 | Y66: =U66*L66 -> 434.84085
A67: D509 | C67: 8 | D67: 1345.32 | E67: 14.62 | F67: 29.12 | G67: 38.75 | H67: 882 | I67: =(H67/C67) -> 110.25 | J67: 1.1D | K67: 0168 | L67: 11.7423 | M67: 43.88 | N67: 29.12 | O67: 38.75 | P67: 2660 | Q67: 24 | S67: =IF($S$1="ASSAULT RATE",SUMIF('Loads + CPFs by TAMCN'!$C$8:$C$1000,'Ammo Pallet Calculator'!A67,'Loads + CPFs by TAMCN'!$L$8:$L$1000),0) -> 11.112 | T67: =IF($S$1="SUSTAIN RATE",SUMIF('Loads + CPFs by TAMCN'!$C$8:$C$1000,'Ammo Pallet Calculator'!A67,'Loads + CPFs by TAMCN'!$M$8:$M$1000),0) -> 0 | U67: =SUM(S67:T67) -> 11.112 | V67: 0 | W67: =U67/Q67 -> 0.463 | X67: =(U67/C67)*H67 -> 1225.098 | Y67: =U67*L67 -> 130.48044
A68: D515 | C68: 8 | D68: 1345.32 | E68: 14.62 | F68: 29.12 | G68: 38.75 | H68: 882 | I68: =(H68/C68) -> 110.25 | J68: 1.1D | K68: 0168 | L68: 11.7423 | M68: 43.88 | N68: 29.12 | O68: 38.75 | P68: 2660 | Q68: 24 | S68: =IF($S$1="ASSAULT RATE",SUMIF('Loads + CPFs by TAMCN'!$C$8:$C$1000,'Ammo Pallet Calculator'!A68,'Loads + CPFs by TAMCN'!$L$8:$L$1000),0) -> 0 | T68: =IF($S$1="SUSTAIN RATE",SUMIF('Loads + CPFs by TAMCN'!$C$8:$C$1000,'Ammo Pallet Calculator'!A68,'Loads + CPFs by TAMCN'!$M$8:$M$1000),0) -> 0 | U68: =SUM(S68:T68) -> 0 | V68: 0 | W68: =U68/Q68 -> 0 | X68: =(U68/C68)*H68 -> 0 | Y68: =U68*L68 -> 0
A69: D528 | C69: 8 | D69: 340.55 | E69: 14.62 | F69: 29.12 | G69: 38.75 | H69: 882 | I69: =(H69/C69) -> 110.25 | J69: 1.3H | K69: 0246 | L69: 0.16347 | M69: 43.88 | N69: 29.12 | O69: 38.75 | P69: 2660 | Q69: 24 | S69: =IF($S$1="ASSAULT RATE",SUMIF('Loads + CPFs by TAMCN'!$C$8:$C$1000,'Ammo Pallet Calculator'!A69,'Loads + CPFs by TAMCN'!$L$8:$L$1000),0) -> 20.136 | T69: =IF($S$1="SUSTAIN RATE",SUMIF('Loads + CPFs by TAMCN'!$C$8:$C$1000,'Ammo Pallet Calculator'!A69,'Loads + CPFs by TAMCN'!$M$8:$M$1000),0) -> 0 | U69: =SUM(S69:T69) -> 20.136 | V69: 0 | W69: =U69/Q69 -> 0.839 | X69: =(U69/C69)*H69 -> 2219.994 | Y69: =U69*L69 -> 3.2916319
A70: D532 | C70: 1 | D70: 800.74 | E70: 38 | F70: 7.5 | G70: 7.5 | H70: 52 | I70: =(H70/C70) -> 52 | J70: 1.3C | K70: 0242 | L70: 30 | M70: 38 | N70: 48 | O70: 36.62 | P70: 1370 | Q70: 24 | S70: =IF($S$1="ASSAULT RATE",SUMIF('Loads + CPFs by TAMCN'!$C$8:$C$1000,'Ammo Pallet Calculator'!A70,'Loads + CPFs by TAMCN'!$L$8:$L$1000),0) -> 0 | T70: =IF($S$1="SUSTAIN RATE",SUMIF('Loads + CPFs by TAMCN'!$C$8:$C$1000,'Ammo Pallet Calculator'!A70,'Loads + CPFs by TAMCN'!$M$8:$M$1000),0) -> 0 | U70: =SUM(S70:T70) -> 0 | V70: 0 | W70: =U70/Q70 -> 0 | X70: =(U70/C70)*H70 -> 0 | Y70: =U70*L70 -> 0
A71: D533 | C71: 1 | D71: 112.95 | E71: 32.75 | F71: 8.4 | G71: 8.4 | H71: 42.5 | I71: =(H71/C71) -> 42.5 | J71: 1.3C | K71: 0242 | L71: 20.5 | M71: 45.62 | N71: 38.75 | O71: 42.12 | P71: 1172 | Q71: 24 | S71: =IF($S$1="ASSAULT RATE",SUMIF('Loads + CPFs by TAMCN'!$C$8:$C$1000,'Ammo Pallet Calculator'!A71,'Loads + CPFs by TAMCN'!$L$8:$L$1000),0) -> 0 | T71: =IF($S$1="SUSTAIN RATE",SUMIF('Loads + CPFs by TAMCN'!$C$8:$C$1000,'Ammo Pallet Calculator'!A71,'Loads + CPFs by TAMCN'!$M$8:$M$1000),0) -> 0 | U71: =SUM(S71:T71) -> 0 | V71: =SUM(U71/C71) -> 0 | W71: =(V71/Q71) -> 0 | X71: =SUM(V71*H71) -> 0 | Y71: =U71*L71 -> 0
A72: D540 | C72: 2 | D72: 7.01 | E72: 37.5 | F72: 6.68 | G72: 6.68 | H72: 29 | I72: =(H72/C72) -> 14.5 | J72: 1.3C | K72: 0242 | L72: 5.57 | M72: 48 | N72: 40.5 | O72: 45.62 | P72: 1439 | Q72: 42 | S72: =IF($S$1="ASSAULT RATE",SUMIF('Loads + CPFs by TAMCN'!$C$8:$C$1000,'Ammo Pallet Calculator'!A72,'Loads + CPFs by TAMCN'!$L$8:$L$1000),0) -> 0 | T72: =IF($S$1="SUSTAIN RATE",SUMIF('Loads + CPFs by TAMCN'!$C$8:$C$1000,'Ammo Pallet Calculator'!A72,'Loads + CPFs by TAMCN'!$M$8:$M$1000),0) -> 0 | U72: =SUM(S72:T72) -> 0 | V72: =SUM(U72/C72) -> 0 | W72: =(V72/Q72) -> 0 | X72: =SUM(V72*H72) -> 0 | Y72: =U72*L72 -> 0
A73: D541 | C73: 1 | D73: 110.89 | E73: 27.5 | F73: 7.78 | G73: 7.78 | H73: 30.5 | I73: =(H73/C73) -> 30.5 | J73: 1.3C | K73: 0242 | L73: 13.78 | M73: 40 | N73: 55 | O73: 44.4 | P73: 1766 | Q73: 50 | S73: =IF($S$1="ASSAULT RATE",SUMIF('Loads + CPFs by TAMCN'!$C$8:$C$1000,'Ammo Pallet Calculator'!A73,'Loads + CPFs by TAMCN'!$L$8:$L$1000),0) -> 0 | T73: =IF($S$1="SUSTAIN RATE",SUMIF('Loads + CPFs by TAMCN'!$C$8:$C$1000,'Ammo Pallet Calculator'!A73,'Loads + CPFs by TAMCN'!$M$8:$M$1000),0) -> 0 | U73: =SUM(S73:T73) -> 0 | V73: =SUM(U73/C73) -> 0 | W73: =(V73/Q73) -> 0 | X73: =SUM(V73*H73) -> 0 | Y73: =U73*L73 -> 0
A74: D529 | C74: 8 | D74: 220 | E74: 14.62 | F74: 29.12 | G74: 36.5 | H74: 875 | I74: =(H74/C74) -> 109.375 | J74: 1.1D | K74: 0168 | L74: 24.1 | M74: 43.88 | N74: 29.12 | O74: 36.5 | P74: 2625 | Q74: 24 | S74: =IF($S$1="ASSAULT RATE",SUMIF('Loads + CPFs by TAMCN'!$C$8:$C$1000,'Ammo Pallet Calculator'!A74,'Loads + CPFs by TAMCN'!$L$8:$L$1000),0) -> 0 | T74: =IF($S$1="SUSTAIN RATE",SUMIF('Loads + CPFs by TAMCN'!$C$8:$C$1000,'Ammo Pallet Calculator'!A74,'Loads + CPFs by TAMCN'!$M$8:$M$1000),0) -> 0 | U74: =SUM(S74:T74) -> 0 | V74: =SUM(U74/C74) -> 0 | W74: =(V74/Q74) -> 0 | X74: =SUM(V74*H74) -> 0 | Y74: =U74*L74 -> 0
A75: D544 | C75: 8 | D75: 220 | E75: 14.62 | F75: 29.12 | G75: 36.5 | H75: 875 | I75: =(H75/C75) -> 109.375 | J75: 1.1D | K75: 0168 | L75: 24.1 | M75: 43.88 | N75: 29.12 | O75: 36.5 | P75: 2625 | Q75: 24 | S75: =IF($S$1="ASSAULT RATE",SUMIF('Loads + CPFs by TAMCN'!$C$8:$C$1000,'Ammo Pallet Calculator'!A75,'Loads + CPFs by TAMCN'!$L$8:$L$1000),0) -> 0 | T75: =IF($S$1="SUSTAIN RATE",SUMIF('Loads + CPFs by TAMCN'!$C$8:$C$1000,'Ammo Pallet Calculator'!A75,'Loads + CPFs by TAMCN'!$M$8:$M$1000),0) -> 0 | U75: =SUM(S75:T75) -> 0 | V75: =SUM(U75/C75) -> 0 | W75: =(V75/Q75) -> 0 | X75: =SUM(V75*H75) -> 0 | Y75: =U75*L75 -> 0
A76: D550 | C76: 8 | D76: 72.77 | E76: 13.62 | F76: 27.12 | G76: 32 | H76: 830 | I76: =(H76/C76) -> 103.75 | J76: 1.2H(02) | K76: 0245 | L76: 0.46 | M76: 40.88 | N76: 27.12 | O76: 32 | P76: 2500 | Q76: 24 | S76: =IF($S$1="ASSAULT RATE",SUMIF('Loads + CPFs by TAMCN'!$C$8:$C$1000,'Ammo Pallet Calculator'!A76,'Loads + CPFs by TAMCN'!$L$8:$L$1000),0) -> 17.112 | T76: =IF($S$1="SUSTAIN RATE",SUMIF('Loads + CPFs by TAMCN'!$C$8:$C$1000,'Ammo Pallet Calculator'!A76,'Loads + CPFs by TAMCN'!$M$8:$M$1000),0) -> 0 | U76: =SUM(S76:T76) -> 17.112 | V76: =SUM(U76/C76) -> 2.139 | W76: =(V76/Q76) -> 0.089125 | X76: =SUM(V76*H76) -> 1775.37 | Y76: =U76*L76 -> 7.87152
A77: D563 | C77: 8 | D77: 486.93 | E77: 14.62 | F77: 29.12 | G77: 38.75 | H77: 874 | I77: =(H77/C77) -> 109.25 | J77: 1.1D | K77: 0168 | L77: 6.377 | M77: 43.88 | N77: 29.12 | O77: 38.75 | P77: 2640 | Q77: 24 | S77: =IF($S$1="ASSAULT RATE",SUMIF('Loads + CPFs by TAMCN'!$C$8:$C$1000,'Ammo Pallet Calculator'!A77,'Loads + CPFs by TAMCN'!$L$8:$L$1000),0) -> 0 | T77: =IF($S$1="SUSTAIN RATE",SUMIF('Loads + CPFs by TAMCN'!$C$8:$C$1000,'Ammo Pallet Calculator'!A77,'Loads + CPFs by TAMCN'!$M$8:$M$1000),0) -> 0 | U77: =SUM(S77:T77) -> 0 | V77: =SUM(U77/C77) -> 0 | W77: =(V77/Q77) -> 0 | X77: =SUM(V77*H77) -> 0 | Y77: =U77*L77 -> 0
A78: D579 | C78: 8 | D78: 235.09 | E78: 14.62 | F78: 29.12 | G78: 38.75 | H78: 815 | I78: =(H78/C78) -> 101.875 | J78: 1.1D | K78: 0168 | L78: 21.824301 | M78: 43.88 | N78: 29.12 | O78: 38.75 | P78: 2460 | Q78: 24 | S78: =IF($S$1="ASSAULT RATE",SUMIF('Loads + CPFs by TAMCN'!$C$8:$C$1000,'Ammo Pallet Calculator'!A78,'Loads + CPFs by TAMCN'!$L$8:$L$1000),0) -> 30.624 | T78: =IF($S$1="SUSTAIN RATE",SUMIF('Loads + CPFs by TAMCN'!$C$8:$C$1000,'Ammo Pallet Calculator'!A78,'Loads + CPFs by TAMCN'!$M$8:$M$1000),0) -> 0 | U78: =SUM(S78:T78) -> 30.624 | V78: =SUM(U78/C78) -> 3.828 | W78: =(V78/Q78) -> 0.1595 | X78: =SUM(V78*H78) -> 3119.82 | Y78: =U78*L78 -> 668.34739
A79: D864 | C79: 8 | D79: 860.63 | E79: 14.62 | F79: 29.12 | G79: 38.88 | H79: 896 | I79: =(H79/C79) -> 112 | J79: 1.1D | K79: 0168 | L79: 7.4 | M79: 43.88 | N79: 29.12 | O79: 38.88 | P79: 2700 | Q79: 24 | S79: =IF($S$1="ASSAULT RATE",SUMIF('Loads + CPFs by TAMCN'!$C$8:$C$1000,'Ammo Pallet Calculator'!A79,'Loads + CPFs by TAMCN'!$L$8:$L$1000),0) -> 0 | T79: =IF($S$1="SUSTAIN RATE",SUMIF('Loads + CPFs by TAMCN'!$C$8:$C$1000,'Ammo Pallet Calculator'!A79,'Loads + CPFs by TAMCN'!$M$8:$M$1000),0) -> 0 | U79: =SUM(S79:T79) -> 0 | V79: =SUM(U79/C79) -> 0 | W79: =(V79/Q79) -> 0 | X79: =SUM(V79*H79) -> 0 | Y79: =U79*L79 -> 0
A80: DA12 | C80: 30 | E80: 46.5 | F80: 38 | G80: 43.25 | H80: 1297 | I80: =(H80/C80) -> 43.233333 | J80: 1.3C | K80: 0242 | L80: 3.60625 | M80: 46.5 | N80: 38 | O80: 43.25 | P80: 1297 | Q80: 30 | S80: =IF($S$1="ASSAULT RATE",SUMIF('Loads + CPFs by TAMCN'!$C$8:$C$1000,'Ammo Pallet Calculator'!A80,'Loads + CPFs by TAMCN'!$L$8:$L$1000),0) -> 1257.84 | T80: =IF($S$1="SUSTAIN RATE",SUMIF('Loads + CPFs by TAMCN'!$C$8:$C$1000,'Ammo Pallet Calculator'!A80,'Loads + CPFs by TAMCN'!$M$8:$M$1000),0) -> 0 | U80: =SUM(S80:T80) -> 1257.84 | V80: =SUM(U80/C80) -> 41.928 | W80: =(V80/Q80) -> 1.3976 | X80: =SUM(V80*H80) -> 54380.616 | Y80: =U80*L80 -> 4536.0855
A81: DA13 | C81: 30 | E81: 46.5 | F81: 38 | G81: 43.25 | H81: 1835 | I81: =(H81/C81) -> 61.166667 | J81: 1.3C | K81: 0242 | L81: 5.10625 | M81: 46.5 | N81: 38 | O81: 43.25 | P81: 1835 | Q81: 30 | S81: =IF($S$1="ASSAULT RATE",SUMIF('Loads + CPFs by TAMCN'!$C$8:$C$1000,'Ammo Pallet Calculator'!A81,'Loads + CPFs by TAMCN'!$L$8:$L$1000),0) -> 2668.512 | T81: =IF($S$1="SUSTAIN RATE",SUMIF('Loads + CPFs by TAMCN'!$C$8:$C$1000,'Ammo Pallet Calculator'!A81,'Loads + CPFs by TAMCN'!$M$8:$M$1000),0) -> 0 | U81: =SUM(S81:T81) -> 2668.512 | V81: =SUM(U81/C81) -> 88.9504 | W81: =(V81/Q81) -> 2.9650133 | X81: =SUM(V81*H81) -> 163223.98 | Y81: =U81*L81 -> 13626.089
A82: DA49 | C82: 8 | E82: 29.13 | F82: 14.63 | G82: 31.13 | H82: 767.8 | I82: =(H82/C82) -> 95.975 | J82: 1.2G(02) | K82: 0171 | L82: 2.50989 | M82: 29.13 | N82: 14.63 | O82: 31.13 | P82: 767.8 | Q82: 8 | S82: =IF($S$1="ASSAULT RATE",SUMIF('Loads + CPFs by TAMCN'!$C$8:$C$1000,'Ammo Pallet Calculator'!A82,'Loads + CPFs by TAMCN'!$L$8:$L$1000),0) -> 6.336 | T82: =IF($S$1="SUSTAIN RATE",SUMIF('Loads + CPFs by TAMCN'!$C$8:$C$1000,'Ammo Pallet Calculator'!A82,'Loads + CPFs by TAMCN'!$M$8:$M$1000),0) -> 0 | U82: =SUM(S82:T82) -> 6.336 | V82: =SUM(U82/C82) -> 0.792 | W82: =(V82/Q82) -> 0.099 | X82: =SUM(V82*H82) -> 608.0976 | Y82: =U82*L82 -> 15.902663
A83: DD01 (D864) | C83: 8 | E83: 27.12 | F83: 13.62 | G83: 38.74 | H83: 896 | I83: =(H83/C83) -> 112 | J83: 1.1D | K83: 0168 | L83: 7.4 | M83: 43.86 | N83: 29.12 | O83: 39.4 | P83: 2700 | Q83: 3 | S83: =IF($S$1="ASSAULT RATE",SUMIF('Loads + CPFs by TAMCN'!$C$8:$C$1000,'Ammo Pallet Calculator'!A83,'Loads + CPFs by TAMCN'!$L$8:$L$1000),0) -> 0 | T83: =IF($S$1="SUSTAIN RATE",SUMIF('Loads + CPFs by TAMCN'!$C$8:$C$1000,'Ammo Pallet Calculator'!A83,'Loads + CPFs by TAMCN'!$M$8:$M$1000),0) -> 0 | U83: =SUM(S83:T83) -> 0 | V83: =SUM(U83/C83) -> 0 | W83: =(V83/Q83) -> 0 | X83: =SUM(V83*H83) -> 0 | Y83: =U83*L83 -> 0
A84: DWBS | C84: 12 | D84: 30.5 | E84: 17.38 | F84: 11.5 | G84: 8.12 | H84: 26.94 | I84: =(H84/C84) -> 2.245 | J84: 1.2G(02) | K84: 0429 | L84: 0.03931 | M84: 35 | N84: 46 | O84: 38 | P84: 911 | Q84: 32 | S84: =IF($S$1="ASSAULT RATE",SUMIF('Loads + CPFs by TAMCN'!$C$8:$C$1000,'Ammo Pallet Calculator'!A84,'Loads + CPFs by TAMCN'!$L$8:$L$1000),0) -> 0 | T84: =IF($S$1="SUSTAIN RATE",SUMIF('Loads + CPFs by TAMCN'!$C$8:$C$1000,'Ammo Pallet Calculator'!A84,'Loads + CPFs by TAMCN'!$M$8:$M$1000),0) -> 0 | U84: =SUM(S84:T84) -> 0 | V84: =SUM(U84/C84) -> 0 | W84: =(V84/Q84) -> 0 | X84: =SUM(V84*H84) -> 0 | Y84: =U84*L84 -> 0
A85: G826 | C85: 4 | D85: 50.12 | E85: 12.03 | F85: 6.09 | G85: 7.5 | H85: 23 | I85: =(H85/C85) -> 5.75 | J85: 1.2G(02) | K85: 0434 | L85: 0.07703 | M85: 37.38 | N85: 48.88 | O85: 33.5 | P85: 1787 | Q85: 72 | S85: =IF($S$1="ASSAULT RATE",SUMIF('Loads + CPFs by TAMCN'!$C$8:$C$1000,'Ammo Pallet Calculator'!A85,'Loads + CPFs by TAMCN'!$L$8:$L$1000),0) -> 0 | T85: =IF($S$1="SUSTAIN RATE",SUMIF('Loads + CPFs by TAMCN'!$C$8:$C$1000,'Ammo Pallet Calculator'!A85,'Loads + CPFs by TAMCN'!$M$8:$M$1000),0) -> 0 | U85: =SUM(S85:T85) -> 0 | V85: =SUM(U85/C85) -> 0 | W85: =(V85/Q85) -> 0 | X85: =SUM(V85*H85) -> 0 | Y85: =U85*L85 -> 0
A86: G874 | C86: 280 | D86: 3.58 | E86: 17.62 | F86: 17.62 | G86: 15.88 | H86: 97 | I86: =(H86/C86) -> 0.34642857 | J86: 1.4G | K86: 0317 | L86: 0.0032 | M86: 35.25 | N86: 47.62 | O86: 40.75 | P86: 1234 | Q86: 12 | S86: =IF($S$1="ASSAULT RATE",SUMIF('Loads + CPFs by TAMCN'!$C$8:$C$1000,'Ammo Pallet Calculator'!A86,'Loads + CPFs by TAMCN'!$L$8:$L$1000),0) -> 0 | T86: =IF($S$1="SUSTAIN RATE",SUMIF('Loads + CPFs by TAMCN'!$C$8:$C$1000,'Ammo Pallet Calculator'!A86,'Loads + CPFs by TAMCN'!$M$8:$M$1000),0) -> 0 | U86: =SUM(S86:T86) -> 0 | V86: =SUM(U86/C86) -> 0 | W86: =(V86/Q86) -> 0 | X86: =SUM(V86*H86) -> 0 | Y86: =U86*L86 -> 0
A87: G881 | C87: 30 | D87: 7.76 | E87: 18.94 | F87: 11.25 | G87: 11.06 | H87: 51 | I87: =(H87/C87) -> 1.7 | J87: 1.1F | K87: 0292 | L87: 0.372 | M87: 37.88 | N87: 45.5 | O87: 38.69 | P87: 1307 | Q87: 24 | S87: =IF($S$1="ASSAULT RATE",SUMIF('Loads + CPFs by TAMCN'!$C$8:$C$1000,'Ammo Pallet Calculator'!A87,'Loads + CPFs by TAMCN'!$L$8:$L$1000),0) -> 185.568 | T87: =IF($S$1="SUSTAIN RATE",SUMIF('Loads + CPFs by TAMCN'!$C$8:$C$1000,'Ammo Pallet Calculator'!A87,'Loads + CPFs by TAMCN'!$M$8:$M$1000),0) -> 0 | U87: =SUM(S87:T87) -> 185.568 | V87: =SUM(U87/C87) -> 6.1856 | W87: =(V87/Q87) -> 0.25773333 | X87: =SUM(V87*H87) -> 315.4656 | Y87: =U87*L87 -> 69.031296
A88: G900 | C88: 16 | D88: 17.32 | E88: 14 | F88: 12.25 | G88: 7.5 | H88: 47 | I88: =(H88/C88) -> 2.9375 | J88: 1.3G | K88: 0010 | L88: 1.7 | M88: 42 | N88: 49 | O88: 35.5 | P88: 2152 | Q88: 48 | S88: =IF($S$1="ASSAULT RATE",SUMIF('Loads + CPFs by TAMCN'!$C$8:$C$1000,'Ammo Pallet Calculator'!A88,'Loads + CPFs by TAMCN'!$L$8:$L$1000),0) -> 9.894 | T88: =IF($S$1="SUSTAIN RATE",SUMIF('Loads + CPFs by TAMCN'!$C$8:$C$1000,'Ammo Pallet Calculator'!A88,'Loads + CPFs by TAMCN'!$M$8:$M$1000),0) -> 0 | U88: =SUM(S88:T88) -> 9.894 | V88: =SUM(U88/C88) -> 0.618375 | W88: =(V88/Q88) -> 0.012882813 | X88: =SUM(V88*H88) -> 29.063625 | Y88: =U88*L88 -> 16.8198
A89: G930 | C89: 16 | D89: 38.7 | E89: 14.88 | F89: 13.25 | G89: 7.38 | H89: 42 | I89: =(H89/C89) -> 2.625 | J89: 1.4G | K89: 0303 | L89: 1.2 | M89: 40 | N89: 48 | O89: 49.75 | P89: 2355 | Q89: 54 | S89: =IF($S$1="ASSAULT RATE",SUMIF('Loads + CPFs by TAMCN'!$C$8:$C$1000,'Ammo Pallet Calculator'!A89,'Loads + CPFs by TAMCN'!$L$8:$L$1000),0) -> 0 | T89: =IF($S$1="SUSTAIN RATE",SUMIF('Loads + CPFs by TAMCN'!$C$8:$C$1000,'Ammo Pallet Calculator'!A89,'Loads + CPFs by TAMCN'!$M$8:$M$1000),0) -> 0 | U89: =SUM(S89:T89) -> 0 | V89: =SUM(U89/C89) -> 0 | W89: =(V89/Q89) -> 0 | X89: =SUM(V89*H89) -> 0 | Y89: =U89*L89 -> 0
A90: G982 | C90: 16 | D90: 38.7 | E90: 14.88 | F90: 13.25 | G90: 7.38 | H90: 42 | I90: =(H90/C90) -> 2.625 | J90: 1.4G | K90: 0303 | L90: 1.2 | M90: 40 | N90: 48 | O90: 49.75 | P90: 2355 | Q90: 54 | S90: =IF($S$1="ASSAULT RATE",SUMIF('Loads + CPFs by TAMCN'!$C$8:$C$1000,'Ammo Pallet Calculator'!A90,'Loads + CPFs by TAMCN'!$L$8:$L$1000),0) -> 29.688 | T90: =IF($S$1="SUSTAIN RATE",SUMIF('Loads + CPFs by TAMCN'!$C$8:$C$1000,'Ammo Pallet Calculator'!A90,'Loads + CPFs by TAMCN'!$M$8:$M$1000),0) -> 0 | U90: =SUM(S90:T90) -> 29.688 | V90: =SUM(U90/C90) -> 1.8555 | W90: =(V90/Q90) -> 0.034361111 | X90: =SUM(V90*H90) -> 77.931 | Y90: =U90*L90 -> 35.6256
A91: G924 | C91: 50 | D91: 3.29 | E91: 19.94 | F91: 18.44 | G91: 8.31 | H91: 50 | I91: =(H91/C91) -> 1 | J91: 1.4G | K91: 0301 | L91: 0.13 | M91: 40 | N91: 49.88 | O91: 42.38 | P91: 1289 | Q91: 24 | S91: =IF($S$1="ASSAULT RATE",SUMIF('Loads + CPFs by TAMCN'!$C$8:$C$1000,'Ammo Pallet Calculator'!A91,'Loads + CPFs by TAMCN'!$L$8:$L$1000),0) -> 4.83 | T91: =IF($S$1="SUSTAIN RATE",SUMIF('Loads + CPFs by TAMCN'!$C$8:$C$1000,'Ammo Pallet Calculator'!A91,'Loads + CPFs by TAMCN'!$M$8:$M$1000),0) -> 0 | U91: =SUM(S91:T91) -> 4.83 | V91: =SUM(U91/C91) -> 0.0966 | W91: =(V91/Q91) -> 0.004025 | X91: =SUM(V91*H91) -> 4.83 | Y91: =U91*L91 -> 0.6279
A92: G940 | C92: 16 | D92: 33.68 | E92: 14.88 | F92: 13.25 | G92: 7.38 | H92: 42 | I92: =(H92/C92) -> 2.625 | J92: 1.4G | K92: 0303 | L92: 0.72 | M92: 40 | N92: 48 | O92: 49.75 | P92: 2355 | Q92: 54 | S92: =IF($S$1="ASSAULT RATE",SUMIF('Loads + CPFs by TAMCN'!$C$8:$C$1000,'Ammo Pallet Calculator'!A92,'Loads + CPFs by TAMCN'!$L$8:$L$1000),0) -> 29.688 | T92: =IF($S$1="SUSTAIN RATE",SUMIF('Loads + CPFs by TAMCN'!$C$8:$C$1000,'Ammo Pallet Calculator'!A92,'Loads + CPFs by TAMCN'!$M$8:$M$1000),0) -> 0 | U92: =SUM(S92:T92) -> 29.688 | V92: =SUM(U92/C92) -> 1.8555 | W92: =(V92/Q92) -> 0.034361111 | X92: =SUM(V92*H92) -> 77.931 | Y92: =U92*L92 -> 21.37536
A93: G945 | C93: 16 | D93: 33.68 | E93: 14.88 | F93: 13.25 | G93: 7.38 | H93: 42 | I93: =(H93/C93) -> 2.625 | J93: 1.4G | K93: 0303 | L93: 0.72 | M93: 40 | N93: 48 | O93: 49.75 | P93: 2355 | Q93: 54 | S93: =IF($S$1="ASSAULT RATE",SUMIF('Loads + CPFs by TAMCN'!$C$8:$C$1000,'Ammo Pallet Calculator'!A93,'Loads + CPFs by TAMCN'!$L$8:$L$1000),0) -> 29.688 | T93: =IF($S$1="SUSTAIN RATE",SUMIF('Loads + CPFs by TAMCN'!$C$8:$C$1000,'Ammo Pallet Calculator'!A93,'Loads + CPFs by TAMCN'!$M$8:$M$1000),0) -> 0 | U93: =SUM(S93:T93) -> 29.688 | V93: =SUM(U93/C93) -> 1.8555 | W93: =(V93/Q93) -> 0.034361111 | X93: =SUM(V93*H93) -> 77.931 | Y93: =U93*L93 -> 21.37536
A94: G950 | C94: 16 | D94: 31.93 | E94: 14.88 | F94: 13.25 | G94: 7.38 | H94: 42 | I94: =(H94/C94) -> 2.625 | J94: 1.4G | K94: 0303 | L94: 0.72 | M94: 40 | N94: 48 | O94: 49.75 | P94: 2355 | Q94: 54 | S94: =IF($S$1="ASSAULT RATE",SUMIF('Loads + CPFs by TAMCN'!$C$8:$C$1000,'Ammo Pallet Calculator'!A94,'Loads + CPFs by TAMCN'!$L$8:$L$1000),0) -> 2.97 | T94: =IF($S$1="SUSTAIN RATE",SUMIF('Loads + CPFs by TAMCN'!$C$8:$C$1000,'Ammo Pallet Calculator'!A94,'Loads + CPFs by TAMCN'!$M$8:$M$1000),0) -> 0 | U94: =SUM(S94:T94) -> 2.97 | V94: =SUM(U94/C94) -> 0.185625 | W94: =(V94/Q94) -> 0.0034375 | X94: =SUM(V94*H94) -> 7.79625 | Y94: =U94*L94 -> 2.1384
A95: G955 | C95: 16 | D95: 31.68 | E95: 14.88 | F95: 13.25 | G95: 7.38 | H95: 42 | I95: =(H95/C95) -> 2.625 | J95: 1.4G | K95: 0303 | L95: 0.72 | M95: 40 | N95: 48 | O95: 49.75 | P95: 2355 | Q95: 54 | S95: =IF($S$1="ASSAULT RATE",SUMIF('Loads + CPFs by TAMCN'!$C$8:$C$1000,'Ammo Pallet Calculator'!A95,'Loads + CPFs by TAMCN'!$L$8:$L$1000),0) -> 29.688 | T95: =IF($S$1="SUSTAIN RATE",SUMIF('Loads + CPFs by TAMCN'!$C$8:$C$1000,'Ammo Pallet Calculator'!A95,'Loads + CPFs by TAMCN'!$M$8:$M$1000),0) -> 0 | U95: =SUM(S95:T95) -> 29.688 | V95: =SUM(U95/C95) -> 1.8555 | W95: =(V95/Q95) -> 0.034361111 | X95: =SUM(V95*H95) -> 77.931 | Y95: =U95*L95 -> 21.37536
... A98: GG05 | C98: 35 | D98: 26.5 | E98: 14.5 | F98: 12.75 | G98: 8.38 | H98: 25 | I98: =(H98/C98) -> 0.71428571 | J98: INERT | K98: BLANK | L98: 0 | M98: 43.88 | N98: 52.75 | O98: 39.75 | P98: 1275 | Q98: 48 | S98: =IF($S$1="ASSAULT RATE",SUMIF('Loads + CPFs by TAMCN'!$C$8:$C$1000,'Ammo Pallet Calculator'!A98,'Loads + CPFs by TAMCN'!$L$8:$L$1000),0) -> 0 | T98: =IF($S$1="SUSTAIN RATE",SUMIF('Loads + CPFs by TAMCN'!$C$8:$C$1000,'Ammo Pallet Calculator'!A98,'Loads + CPFs by TAMCN'!$M$8:$M$1000),0) -> 0 | U98: =SUM(S98:T98) -> 0 | V98: =SUM(U98/C98) -> 0 | W98: =(V98/Q98) -> 0 | X98: =SUM(V98*H98) -> 0 | Y98: =U98*L98 -> 0
A99: HA29 | C99: 39 | E99: 48 | F99: 36.75 | G99: 43.87 | H99: 756 | I99: =(H99/C99) -> 19.384615 | J99: 1.1E | K99: 0181 | L99: 0.98321 | M99: 48 | N99: 36.75 | O99: 43.87 | P99: 756 | Q99: 39 | S99: =IF($S$1="ASSAULT RATE",SUMIF('Loads + CPFs by TAMCN'!$C$8:$C$1000,'Ammo Pallet Calculator'!A99,'Loads + CPFs by TAMCN'!$L$8:$L$1000),0) -> 16.137 | T99: =IF($S$1="SUSTAIN RATE",SUMIF('Loads + CPFs by TAMCN'!$C$8:$C$1000,'Ammo Pallet Calculator'!A99,'Loads + CPFs by TAMCN'!$M$8:$M$1000),0) -> 0 | U99: =SUM(S99:T99) -> 16.137 | V99: =SUM(U99/C99) -> 0.41376923 | W99: =(V99/Q99) -> 0.010609467 | X99: =SUM(V99*H99) -> 312.80954 | Y99: =U99*L99 -> 15.86606
A100: HA51 | C100: 6 | E100: 166 | F100: 41.5 | G100: 33 | H100: 5903 | I100: =(H100/C100) -> 983.83333 | J100: 1.1E | K100: 0181 | L100: 1884.0119 | M100: 166 | N100: 41.5 | O100: 33 | P100: 131.56 | Q100: 6 | S100: =IF($S$1="ASSAULT RATE",SUMIF('Loads + CPFs by TAMCN'!$C$8:$C$1000,'Ammo Pallet Calculator'!A100,'Loads + CPFs by TAMCN'!$L$8:$L$1000),0) -> 3.258 | T100: =IF($S$1="SUSTAIN RATE",SUMIF('Loads + CPFs by TAMCN'!$C$8:$C$1000,'Ammo Pallet Calculator'!A100,'Loads + CPFs by TAMCN'!$M$8:$M$1000),0) -> 0 | U100: =SUM(S100:T100) -> 3.258 | V100: =SUM(U100/C100) -> 0.543 | W100: =(V100/Q100) -> 0.0905 | X100: =SUM(V100*H100) -> 3205.329 | Y100: =U100*L100 -> 6138.1108
A101: HX05 | C101: 6 | D101: 1104.38 | E101: 39.38 | F101: 20.12 | G101: 16 | H101: 142 | I101: =(H101/C101) -> 23.666667 | J101: 1.1E | K101: 0181 | L101: 3.32316 | M101: 39.38 | N101: 40.25 | O101: 37.5 | P101: 630 | Q101: 4 | S101: =IF($S$1="ASSAULT RATE",SUMIF('Loads + CPFs by TAMCN'!$C$8:$C$1000,'Ammo Pallet Calculator'!A101,'Loads + CPFs by TAMCN'!$L$8:$L$1000),0) -> 67.914 | T101: =IF($S$1="SUSTAIN RATE",SUMIF('Loads + CPFs by TAMCN'!$C$8:$C$1000,'Ammo Pallet Calculator'!A101,'Loads + CPFs by TAMCN'!$M$8:$M$1000),0) -> 0 | U101: =SUM(S101:T101) -> 67.914 | V101: =SUM(U101/C101) -> 11.319 | W101: =(V101/Q101) -> 2.82975 | X101: =SUM(V101*H101) -> 1607.298 | Y101: =U101*L101 -> 225.68909
A102: HX06 | C102: 6 | D102: 1397.92 | E102: 39.38 | F102: 20.12 | G102: 16 | H102: 142 | I102: =(H102/C102) -> 23.666667 | J102: 1.1E | K102: 0181 | L102: 2.76 | M102: 39.38 | N102: 40.25 | O102: 37.5 | P102: 630 | Q102: 4 | S102: =IF($S$1="ASSAULT RATE",SUMIF('Loads + CPFs by TAMCN'!$C$8:$C$1000,'Ammo Pallet Calculator'!A102,'Loads + CPFs by TAMCN'!$L$8:$L$1000),0) -> 28.224 | T102: =IF($S$1="SUSTAIN RATE",SUMIF('Loads + CPFs by TAMCN'!$C$8:$C$1000,'Ammo Pallet Calculator'!A102,'Loads + CPFs by TAMCN'!$M$8:$M$1000),0) -> 0 | U102: =SUM(S102:T102) -> 28.224 | V102: =SUM(U102/C102) -> 4.704 | W102: =(V102/Q102) -> 1.176 | X102: =SUM(V102*H102) -> 667.968 | Y102: =U102*L102 -> 77.89824
A103: HXX1 | C103: 6 | E103: 166 | F103: 41.5 | G103: 33 | H103: 5903 | I103: =(H103/C103) -> 983.83333 | J103: 1.1E | K103: 0181 | L103: 1884.0119 | M103: 166 | N103: 41.5 | O103: 33 | P103: 131.56 | Q103: 6 | S103: =IF($S$1="ASSAULT RATE",SUMIF('Loads + CPFs by TAMCN'!$C$8:$C$1000,'Ammo Pallet Calculator'!A103,'Loads + CPFs by TAMCN'!$L$8:$L$1000),0) -> 0 | T103: =IF($S$1="SUSTAIN RATE",SUMIF('Loads + CPFs by TAMCN'!$C$8:$C$1000,'Ammo Pallet Calculator'!A103,'Loads + CPFs by TAMCN'!$M$8:$M$1000),0) -> 0 | U103: =SUM(S103:T103) -> 0 | V103: =SUM(U103/C103) -> 0 | W103: =(V103/Q103) -> 0 | X103: =SUM(V103*H103) -> 0 | Y103: =U103*L103 -> 0
A104: J143 | C104: 1 | D104: 7986.77 | E104: 88.63 | F104: 14 | G104: 20 | H104: 238 | I104: =(H104/C104) -> 238 | J104: 1.3C | K104: 0186 | L104: 46.044102 | M104: 92 | N104: 28 | O104: 21.25 | P104: 547 | Q104: 2 | S104: =IF($S$1="ASSAULT RATE",SUMIF('Loads + CPFs by TAMCN'!$C$8:$C$1000,'Ammo Pallet Calculator'!A104,'Loads + CPFs by TAMCN'!$L$8:$L$1000),0) -> 23.626 | T104: =IF($S$1="SUSTAIN RATE",SUMIF('Loads + CPFs by TAMCN'!$C$8:$C$1000,'Ammo Pallet Calculator'!A104,'Loads + CPFs by TAMCN'!$M$8:$M$1000),0) -> 0 | U104: =SUM(S104:T104) -> 23.626 | V104: =SUM(U104/C104) -> 23.626 | W104: =(V104/Q104) -> 11.813 | X104: =SUM(V104*H104) -> 5622.988 | Y104: =U104*L104 -> 1087.838
A105: J153 (M913) | C105: 1 | E105: 93 | F105: 53.75 | G105: 24 | H105: 69.43 | I105: =(H105/C105) -> 69.43 | J105: 1.1D | K105: 0048 | L105: 1750 | M105: 93 | N105: 53.75 | O105: 24 | P105: 3000 | Q105: 1 | S105: =IF($S$1="ASSAULT RATE",SUMIF('Loads + CPFs by TAMCN'!$C$8:$C$1000,'Ammo Pallet Calculator'!A105,'Loads + CPFs by TAMCN'!$L$8:$L$1000),0) -> 0 | T105: =IF($S$1="SUSTAIN RATE",SUMIF('Loads + CPFs by TAMCN'!$C$8:$C$1000,'Ammo Pallet Calculator'!A105,'Loads + CPFs by TAMCN'!$M$8:$M$1000),0) -> 0 | U105: =SUM(S105:T105) -> 0 | V105: =SUM(U105/C105) -> 0 | W105: =(V105/Q105) -> 0 | X105: =SUM(V105*H105) -> 0 | Y105: =U105*L105 -> 0
A106: K092 | C106: 4 | D106: 63.53 | E106: 15.5 | F106: 9.75 | G106: 8.28 | H106: 44.8 | I106: =(H106/C106) -> 11.2 | J106: 1.2D(02) | K106: 0138 | L106: 1.28948 | M106: 41.4 | N106: 48.75 | O106: 36.5 | P106: 2327 | Q106: 50 | S106: =IF($S$1="ASSAULT RATE",SUMIF('Loads + CPFs by TAMCN'!$C$8:$C$1000,'Ammo Pallet Calculator'!A106,'Loads + CPFs by TAMCN'!$L$8:$L$1000),0) -> 0 | T106: =IF($S$1="SUSTAIN RATE",SUMIF('Loads + CPFs by TAMCN'!$C$8:$C$1000,'Ammo Pallet Calculator'!A106,'Loads + CPFs by TAMCN'!$M$8:$M$1000),0) -> 0 | U106: =SUM(S106:T106) -> 0 | V106: =SUM(U106/C106) -> 0 | W106: =(V106/Q106) -> 0 | X106: =SUM(V106*H106) -> 0 | Y106: =U106*L106 -> 0
...
